Position Label,Beacon 1,RSS 1,Beacon 2,RSS 2,Beacon 3,RSS 3,Beacon 4,RSS 4,Beacon 5,RSS 5,Beacon 6,RSS 6,Beacon 7,RSS 7,Beacon 8,RSS 8
27,0.22,-0.696,0.12,-0.634,0.6,-0.757,0.2,-0.761,0.209,-0.676,0.14,-0.644,0.15,-0.622,0.1844,-0.607
26,0.22,-0.684,0.12,-0.596,0.6,-0.743,0.2,-0.747,0.209,-0.684,0.14,-0.645,0.15,-0.639,0.1844,-0.607
23,0.22,-0.687,0.12,-0.652,0.6,-0.765,0.2,-0.76,0.209,-0.682,0.14,-0.646,0.15,-0.629,0.1844,-0.615
37,0.22,-0.7,0.12,-0.581,0.6,-0.745,0.2,-0.716,0.209,-0.664,0.14,-0.624,0.15,-0.655,0.1844,-0.557
17,0.22,-0.673,0.12,-0.626,0.6,-0.772,0.2,-0.751,0.209,-0.697,0.14,-0.656,0.15,-0.619,0.1844,-0.607
8,0.22,-0.664,0.12,-0.631,0.6,-0.783,0.2,-0.762,0.209,-0.714,0.14,-0.679,0.15,-0.605,0.1844,-0.625
26,0.22,-0.684,0.12,-0.597,0.6,-0.74,0.2,-0.748,0.209,-0.682,0.14,-0.649,0.15,-0.636,0.1844,-0.609
3,0.22,-0.66,0.12,-0.646,0.6,-0.785,0.2,-0.777,0.209,-0.689,0.14,-0.692,0.15,-0.587,0.1844,-0.626
33,0.22,-0.695,0.12,-0.56,0.6,-0.766,0.2,-0.713,0.209,-0.678,0.14,-0.636,0.15,-0.644,0.1844,-0.572
1,0.22,-0.659,0.12,-0.619,0.6,-0.769,0.2,-0.803,0.209,-0.688,0.14,-0.655,0.15,-0.586,0.1844,-0.632
15,0.22,-0.674,0.12,-0.624,0.6,-0.774,0.2,-0.763,0.209,-0.701,0.14,-0.686,0.15,-0.607,0.1844,-0.622
5,0.22,-0.644,0.12,-0.664,0.6,-0.78,0.2,-0.774,0.209,-0.708,0.14,-0.668,0.15,-0.587,0.1844,-0.631
13,0.22,-0.67,0.12,-0.624,0.6,-0.765,0.2,-0.749,0.209,-0.725,0.14,-0.674,0.15,-0.599,0.1844,-0.618
5,0.22,-0.643,0.12,-0.66,0.6,-0.778,0.2,-0.773,0.209,-0.702,0.14,-0.66,0.15,-0.587,0.1844,-0.623
32,0.22,-0.697,0.12,-0.56,0.6,-0.765,0.2,-0.717,0.209,-0.681,0.14,-0.634,0.15,-0.641,0.1844,-0.574
11,0.22,-0.665,0.12,-0.646,0.6,-0.775,0.2,-0.756,0.209,-0.713,0.14,-0.678,0.15,-0.607,0.1844,-0.617
6,0.22,-0.65,0.12,-0.656,0.6,-0.787,0.2,-0.769,0.209,-0.701,0.14,-0.664,0.15,-0.587,0.1844,-0.621
3,0.22,-0.651,0.12,-0.651,0.6,-0.781,0.2,-0.775,0.209,-0.69,0.14,-0.68,0.15,-0.58,0.1844,-0.625
16,0.22,-0.668,0.12,-0.621,0.6,-0.773,0.2,-0.757,0.209,-0.693,0.14,-0.68,0.15,-0.616,0.1844,-0.618
39,0.22,-0.698,0.12,-0.596,0.6,-0.748,0.2,-0.716,0.209,-0.656,0.14,-0.632,0.15,-0.65,0.1844,-0.57
36,0.22,-0.701,0.12,-0.599,0.6,-0.75,0.2,-0.729,0.209,-0.663,0.14,-0.634,0.15,-0.649,0.1844,-0.556
24,0.22,-0.676,0.12,-0.646,0.6,-0.749,0.2,-0.768,0.209,-0.692,0.14,-0.639,0.15,-0.631,0.1844,-0.606
9,0.22,-0.656,0.12,-0.621,0.6,-0.779,0.2,-0.763,0.209,-0.719,0.14,-0.686,0.15,-0.615,0.1844,-0.623
1,0.22,-0.664,0.12,-0.629,0.6,-0.773,0.2,-0.807,0.209,-0.687,0.14,-0.66,0.15,-0.597,0.1844,-0.634
22,0.22,-0.683,0.12,-0.664,0.6,-0.775,0.2,-0.752,0.209,-0.673,0.14,-0.649,0.15,-0.63,0.1844,-0.612
2,0.22,-0.664,0.12,-0.632,0.6,-0.773,0.2,-0.804,0.209,-0.686,0.14,-0.673,0.15,-0.596,0.1844,-0.632
36,0.22,-0.699,0.12,-0.594,0.6,-0.75,0.2,-0.728,0.209,-0.663,0.14,-0.633,0.15,-0.647,0.1844,-0.555
35,0.22,-0.695,0.12,-0.597,0.6,-0.752,0.2,-0.732,0.209,-0.668,0.14,-0.632,0.15,-0.645,0.1844,-0.559
0,0.22,-0.585,0.12,-0.555,0.6,-0.728,0.2,-0.729,0.209,-0.655,0.14,-0.589,0.15,-0.519,0.1844,-0.584
0,0.22,-0.639,0.12,-0.57,0.6,-0.768,0.2,-0.786,0.209,-0.686,0.14,-0.629,0.15,-0.565,0.1844,-0.643
3,0.22,-0.655,0.12,-0.647,0.6,-0.783,0.2,-0.777,0.209,-0.692,0.14,-0.69,0.15,-0.582,0.1844,-0.626
25,0.22,-0.686,0.12,-0.607,0.6,-0.748,0.2,-0.757,0.209,-0.689,0.14,-0.64,0.15,-0.637,0.1844,-0.6
11,0.22,-0.663,0.12,-0.646,0.6,-0.776,0.2,-0.755,0.209,-0.71,0.14,-0.679,0.15,-0.611,0.1844,-0.632
7,0.22,-0.663,0.12,-0.651,0.6,-0.794,0.2,-0.758,0.209,-0.706,0.14,-0.679,0.15,-0.597,0.1844,-0.627
7,0.22,-0.658,0.12,-0.653,0.6,-0.795,0.2,-0.759,0.209,-0.705,0.14,-0.677,0.15,-0.595,0.1844,-0.626
16,0.22,-0.668,0.12,-0.621,0.6,-0.774,0.2,-0.757,0.209,-0.693,0.14,-0.68,0.15,-0.616,0.1844,-0.618
11,0.22,-0.665,0.12,-0.648,0.6,-0.775,0.2,-0.757,0.209,-0.714,0.14,-0.678,0.15,-0.608,0.1844,-0.618
12,0.22,-0.66,0.12,-0.646,0.6,-0.77,0.2,-0.753,0.209,-0.725,0.14,-0.675,0.15,-0.602,0.1844,-0.619
35,0.22,-0.694,0.12,-0.594,0.6,-0.751,0.2,-0.731,0.209,-0.668,0.14,-0.63,0.15,-0.643,0.1844,-0.56
26,0.22,-0.684,0.12,-0.595,0.6,-0.746,0.2,-0.747,0.209,-0.688,0.14,-0.648,0.15,-0.639,0.1844,-0.606
24,0.22,-0.676,0.12,-0.645,0.6,-0.749,0.2,-0.768,0.209,-0.692,0.14,-0.64,0.15,-0.631,0.1844,-0.606
17,0.22,-0.67,0.12,-0.618,0.6,-0.772,0.2,-0.751,0.209,-0.691,0.14,-0.662,0.15,-0.618,0.1844,-0.612
27,0.22,-0.696,0.12,-0.627,0.6,-0.756,0.2,-0.76,0.209,-0.676,0.14,-0.645,0.15,-0.623,0.1844,-0.606
29,0.22,-0.695,0.12,-0.496,0.6,-0.76,0.2,-0.744,0.209,-0.684,0.14,-0.625,0.15,-0.625,0.1844,-0.6
5,0.22,-0.645,0.12,-0.663,0.6,-0.782,0.2,-0.774,0.209,-0.705,0.14,-0.665,0.15,-0.588,0.1844,-0.629
9,0.22,-0.657,0.12,-0.624,0.6,-0.779,0.2,-0.763,0.209,-0.718,0.14,-0.686,0.15,-0.615,0.1844,-0.623
12,0.22,-0.66,0.12,-0.646,0.6,-0.77,0.2,-0.753,0.209,-0.725,0.14,-0.674,0.15,-0.601,0.1844,-0.619
14,0.22,-0.674,0.12,-0.633,0.6,-0.762,0.2,-0.761,0.209,-0.709,0.14,-0.663,0.15,-0.6,0.1844,-0.614
2,0.22,-0.666,0.12,-0.641,0.6,-0.777,0.2,-0.784,0.209,-0.682,0.14,-0.692,0.15,-0.59,0.1844,-0.63
29,0.22,-0.697,0.12,-0.488,0.6,-0.759,0.2,-0.743,0.209,-0.682,0.14,-0.627,0.15,-0.625,0.1844,-0.603
18,0.22,-0.673,0.12,-0.632,0.6,-0.765,0.2,-0.755,0.209,-0.698,0.14,-0.65,0.15,-0.616,0.1844,-0.604
22,0.22,-0.686,0.12,-0.664,0.6,-0.767,0.2,-0.757,0.209,-0.679,0.14,-0.648,0.15,-0.628,0.1844,-0.614
21,0.22,-0.682,0.12,-0.657,0.6,-0.784,0.2,-0.751,0.209,-0.678,0.14,-0.657,0.15,-0.64,0.1844,-0.6
32,0.22,-0.698,0.12,-0.56,0.6,-0.765,0.2,-0.718,0.209,-0.682,0.14,-0.636,0.15,-0.64,0.1844,-0.574
8,0.22,-0.667,0.12,-0.643,0.6,-0.785,0.2,-0.76,0.209,-0.711,0.14,-0.681,0.15,-0.603,0.1844,-0.627
4,0.22,-0.646,0.12,-0.658,0.6,-0.782,0.2,-0.776,0.209,-0.703,0.14,-0.672,0.15,-0.584,0.1844,-0.63
36,0.22,-0.699,0.12,-0.592,0.6,-0.75,0.2,-0.728,0.209,-0.663,0.14,-0.633,0.15,-0.646,0.1844,-0.555
30,0.22,-0.696,0.12,-0.511,0.6,-0.761,0.2,-0.745,0.209,-0.687,0.14,-0.619,0.15,-0.634,0.1844,-0.583
39,0.22,-0.708,0.12,-0.608,0.6,-0.759,0.2,-0.716,0.209,-0.663,0.14,-0.63,0.15,-0.653,0.1844,-0.574
27,0.22,-0.695,0.12,-0.625,0.6,-0.756,0.2,-0.759,0.209,-0.676,0.14,-0.645,0.15,-0.623,0.1844,-0.606
3,0.22,-0.658,0.12,-0.648,0.6,-0.783,0.2,-0.776,0.209,-0.691,0.14,-0.691,0.15,-0.587,0.1844,-0.626
35,0.22,-0.693,0.12,-0.592,0.6,-0.748,0.2,-0.728,0.209,-0.669,0.14,-0.631,0.15,-0.641,0.1844,-0.56
6,0.22,-0.65,0.12,-0.655,0.6,-0.788,0.2,-0.768,0.209,-0.701,0.14,-0.666,0.15,-0.587,0.1844,-0.621
28,0.22,-0.701,0.12,-0.504,0.6,-0.757,0.2,-0.747,0.209,-0.68,0.14,-0.635,0.15,-0.622,0.1844,-0.607
21,0.22,-0.677,0.12,-0.661,0.6,-0.78,0.2,-0.746,0.209,-0.679,0.14,-0.657,0.15,-0.634,0.1844,-0.602
10,0.22,-0.661,0.12,-0.637,0.6,-0.779,0.2,-0.76,0.209,-0.715,0.14,-0.68,0.15,-0.616,0.1844,-0.63
19,0.22,-0.671,0.12,-0.63,0.6,-0.762,0.2,-0.75,0.209,-0.686,0.14,-0.651,0.15,-0.607,0.1844,-0.6
21,0.22,-0.685,0.12,-0.654,0.6,-0.788,0.2,-0.755,0.209,-0.678,0.14,-0.663,0.15,-0.646,0.1844,-0.601
1,0.22,-0.658,0.12,-0.619,0.6,-0.768,0.2,-0.803,0.209,-0.688,0.14,-0.658,0.15,-0.584,0.1844,-0.631
13,0.22,-0.674,0.12,-0.626,0.6,-0.763,0.2,-0.752,0.209,-0.718,0.14,-0.671,0.15,-0.602,0.1844,-0.616
34,0.22,-0.692,0.12,-0.568,0.6,-0.746,0.2,-0.72,0.209,-0.673,0.14,-0.639,0.15,-0.641,0.1844,-0.569
33,0.22,-0.694,0.12,-0.555,0.6,-0.765,0.2,-0.712,0.209,-0.676,0.14,-0.637,0.15,-0.644,0.1844,-0.571
5,0.22,-0.643,0.12,-0.662,0.6,-0.781,0.2,-0.773,0.209,-0.705,0.14,-0.663,0.15,-0.587,0.1844,-0.625
15,0.22,-0.674,0.12,-0.628,0.6,-0.773,0.2,-0.762,0.209,-0.704,0.14,-0.684,0.15,-0.607,0.1844,-0.622
1,0.22,-0.649,0.12,-0.601,0.6,-0.761,0.2,-0.79,0.209,-0.687,0.14,-0.643,0.15,-0.567,0.1844,-0.642
10,0.22,-0.661,0.12,-0.636,0.6,-0.779,0.2,-0.76,0.209,-0.715,0.14,-0.68,0.15,-0.615,0.1844,-0.629
14,0.22,-0.673,0.12,-0.634,0.6,-0.765,0.2,-0.767,0.209,-0.717,0.14,-0.666,0.15,-0.601,0.1844,-0.624
32,0.22,-0.703,0.12,-0.549,0.6,-0.764,0.2,-0.727,0.209,-0.692,0.14,-0.632,0.15,-0.635,0.1844,-0.578
16,0.22,-0.669,0.12,-0.62,0.6,-0.773,0.2,-0.757,0.209,-0.693,0.14,-0.677,0.15,-0.615,0.1844,-0.618
4,0.22,-0.647,0.12,-0.66,0.6,-0.783,0.2,-0.776,0.209,-0.706,0.14,-0.672,0.15,-0.586,0.1844,-0.632
15,0.22,-0.674,0.12,-0.624,0.6,-0.775,0.2,-0.763,0.209,-0.7,0.14,-0.688,0.15,-0.607,0.1844,-0.622
1,0.22,-0.653,0.12,-0.611,0.6,-0.766,0.2,-0.797,0.209,-0.684,0.14,-0.653,0.15,-0.574,0.1844,-0.634
18,0.22,-0.671,0.12,-0.63,0.6,-0.763,0.2,-0.753,0.209,-0.693,0.14,-0.65,0.15,-0.611,0.1844,-0.602
26,0.22,-0.686,0.12,-0.609,0.6,-0.752,0.2,-0.757,0.209,-0.691,0.14,-0.645,0.15,-0.643,0.1844,-0.6
8,0.22,-0.666,0.12,-0.641,0.6,-0.785,0.2,-0.761,0.209,-0.711,0.14,-0.682,0.15,-0.604,0.1844,-0.627
24,0.22,-0.677,0.12,-0.645,0.6,-0.751,0.2,-0.766,0.209,-0.693,0.14,-0.641,0.15,-0.63,0.1844,-0.607
24,0.22,-0.674,0.12,-0.643,0.6,-0.751,0.2,-0.754,0.209,-0.689,0.14,-0.642,0.15,-0.632,0.1844,-0.607
33,0.22,-0.693,0.12,-0.563,0.6,-0.761,0.2,-0.714,0.209,-0.675,0.14,-0.641,0.15,-0.644,0.1844,-0.569
3,0.22,-0.65,0.12,-0.653,0.6,-0.781,0.2,-0.777,0.209,-0.691,0.14,-0.678,0.15,-0.58,0.1844,-0.625
7,0.22,-0.665,0.12,-0.65,0.6,-0.793,0.2,-0.759,0.209,-0.707,0.14,-0.679,0.15,-0.597,0.1844,-0.626
16,0.22,-0.673,0.12,-0.622,0.6,-0.775,0.2,-0.762,0.209,-0.696,0.14,-0.686,0.15,-0.608,0.1844,-0.622
37,0.22,-0.699,0.12,-0.582,0.6,-0.745,0.2,-0.714,0.209,-0.662,0.14,-0.623,0.15,-0.654,0.1844,-0.557
13,0.22,-0.667,0.12,-0.625,0.6,-0.769,0.2,-0.75,0.209,-0.727,0.14,-0.676,0.15,-0.598,0.1844,-0.62
1,0.22,-0.654,0.12,-0.612,0.6,-0.767,0.2,-0.799,0.209,-0.685,0.14,-0.654,0.15,-0.576,0.1844,-0.634
20,0.22,-0.68,0.12,-0.644,0.6,-0.781,0.2,-0.746,0.209,-0.683,0.14,-0.663,0.15,-0.629,0.1844,-0.608
34,0.22,-0.69,0.12,-0.563,0.6,-0.747,0.2,-0.719,0.209,-0.672,0.14,-0.641,0.15,-0.64,0.1844,-0.566
27,0.22,-0.693,0.12,-0.616,0.6,-0.751,0.2,-0.758,0.209,-0.676,0.14,-0.645,0.15,-0.624,0.1844,-0.606
38,0.22,-0.701,0.12,-0.584,0.6,-0.744,0.2,-0.711,0.209,-0.663,0.14,-0.622,0.15,-0.654,0.1844,-0.557
19,0.22,-0.67,0.12,-0.63,0.6,-0.763,0.2,-0.752,0.209,-0.688,0.14,-0.651,0.15,-0.607,0.1844,-0.599
22,0.22,-0.682,0.12,-0.663,0.6,-0.776,0.2,-0.747,0.209,-0.669,0.14,-0.655,0.15,-0.63,0.1844,-0.607
14,0.22,-0.68,0.12,-0.631,0.6,-0.762,0.2,-0.754,0.209,-0.704,0.14,-0.667,0.15,-0.603,0.1844,-0.61
21,0.22,-0.686,0.12,-0.652,0.6,-0.79,0.2,-0.758,0.209,-0.68,0.14,-0.663,0.15,-0.649,0.1844,-0.6
5,0.22,-0.644,0.12,-0.664,0.6,-0.78,0.2,-0.773,0.209,-0.706,0.14,-0.666,0.15,-0.586,0.1844,-0.631
23,0.22,-0.685,0.12,-0.645,0.6,-0.764,0.2,-0.759,0.209,-0.682,0.14,-0.645,0.15,-0.629,0.1844,-0.614
3,0.22,-0.65,0.12,-0.652,0.6,-0.781,0.2,-0.776,0.209,-0.691,0.14,-0.679,0.15,-0.58,0.1844,-0.625
12,0.22,-0.663,0.12,-0.647,0.6,-0.772,0.2,-0.755,0.209,-0.719,0.14,-0.677,0.15,-0.605,0.1844,-0.619
13,0.22,-0.672,0.12,-0.625,0.6,-0.763,0.2,-0.751,0.209,-0.719,0.14,-0.67,0.15,-0.601,0.1844,-0.616
29,0.22,-0.696,0.12,-0.518,0.6,-0.761,0.2,-0.745,0.209,-0.686,0.14,-0.619,0.15,-0.631,0.1844,-0.588
10,0.22,-0.66,0.12,-0.634,0.6,-0.779,0.2,-0.76,0.209,-0.716,0.14,-0.68,0.15,-0.615,0.1844,-0.627
5,0.22,-0.647,0.12,-0.66,0.6,-0.782,0.2,-0.775,0.209,-0.702,0.14,-0.658,0.15,-0.585,0.1844,-0.621
2,0.22,-0.665,0.12,-0.638,0.6,-0.775,0.2,-0.786,0.209,-0.68,0.14,-0.687,0.15,-0.591,0.1844,-0.626
15,0.22,-0.673,0.12,-0.631,0.6,-0.769,0.2,-0.762,0.209,-0.71,0.14,-0.673,0.15,-0.603,0.1844,-0.622
18,0.22,-0.672,0.12,-0.63,0.6,-0.763,0.2,-0.753,0.209,-0.692,0.14,-0.65,0.15,-0.608,0.1844,-0.603
8,0.22,-0.667,0.12,-0.644,0.6,-0.785,0.2,-0.76,0.209,-0.71,0.14,-0.68,0.15,-0.602,0.1844,-0.627
10,0.22,-0.662,0.12,-0.639,0.6,-0.778,0.2,-0.759,0.209,-0.714,0.14,-0.68,0.15,-0.616,0.1844,-0.63
31,0.22,-0.707,0.12,-0.54,0.6,-0.765,0.2,-0.727,0.209,-0.688,0.14,-0.63,0.15,-0.639,0.1844,-0.578
14,0.22,-0.675,0.12,-0.633,0.6,-0.764,0.2,-0.764,0.209,-0.713,0.14,-0.665,0.15,-0.601,0.1844,-0.617
25,0.22,-0.687,0.12,-0.605,0.6,-0.748,0.2,-0.758,0.209,-0.688,0.14,-0.639,0.15,-0.636,0.1844,-0.6
10,0.22,-0.664,0.12,-0.638,0.6,-0.778,0.2,-0.757,0.209,-0.714,0.14,-0.678,0.15,-0.614,0.1844,-0.633
22,0.22,-0.687,0.12,-0.664,0.6,-0.766,0.2,-0.761,0.209,-0.68,0.14,-0.648,0.15,-0.629,0.1844,-0.615
28,0.22,-0.697,0.12,-0.606,0.6,-0.758,0.2,-0.76,0.209,-0.676,0.14,-0.639,0.15,-0.621,0.1844,-0.607
27,0.22,-0.691,0.12,-0.612,0.6,-0.746,0.2,-0.755,0.209,-0.676,0.14,-0.646,0.15,-0.626,0.1844,-0.607
7,0.22,-0.664,0.12,-0.651,0.6,-0.794,0.2,-0.758,0.209,-0.706,0.14,-0.679,0.15,-0.597,0.1844,-0.627
39,0.22,-0.707,0.12,-0.608,0.6,-0.76,0.2,-0.715,0.209,-0.664,0.14,-0.629,0.15,-0.653,0.1844,-0.574
24,0.22,-0.677,0.12,-0.646,0.6,-0.749,0.2,-0.767,0.209,-0.692,0.14,-0.64,0.15,-0.631,0.1844,-0.606
34,0.22,-0.694,0.12,-0.571,0.6,-0.746,0.2,-0.723,0.209,-0.674,0.14,-0.639,0.15,-0.641,0.1844,-0.57
9,0.22,-0.66,0.12,-0.619,0.6,-0.783,0.2,-0.766,0.209,-0.723,0.14,-0.69,0.15,-0.616,0.1844,-0.624
24,0.22,-0.675,0.12,-0.644,0.6,-0.751,0.2,-0.762,0.209,-0.691,0.14,-0.641,0.15,-0.629,0.1844,-0.607
0,0.22,-0.594,0.12,-0.564,0.6,-0.737,0.2,-0.735,0.209,-0.661,0.14,-0.595,0.15,-0.525,0.1844,-0.595
0,0.22,-0.633,0.12,-0.567,0.6,-0.763,0.2,-0.78,0.209,-0.684,0.14,-0.627,0.15,-0.562,0.1844,-0.643
22,0.22,-0.68,0.12,-0.664,0.6,-0.779,0.2,-0.744,0.209,-0.67,0.14,-0.657,0.15,-0.629,0.1844,-0.605
0,0.22,-0.463,0.12,-0.429,0.6,-0.606,0.2,-0.578,0.209,-0.527,0.14,-0.477,0.15,-0.397,0.1844,-0.465
13,0.22,-0.663,0.12,-0.651,0.6,-0.773,0.2,-0.753,0.209,-0.734,0.14,-0.68,0.15,-0.598,0.1844,-0.626
6,0.22,-0.651,0.12,-0.656,0.6,-0.791,0.2,-0.767,0.209,-0.702,0.14,-0.669,0.15,-0.591,0.1844,-0.622
26,0.22,-0.685,0.12,-0.591,0.6,-0.75,0.2,-0.751,0.209,-0.69,0.14,-0.646,0.15,-0.642,0.1844,-0.601
21,0.22,-0.679,0.12,-0.662,0.6,-0.78,0.2,-0.744,0.209,-0.677,0.14,-0.658,0.15,-0.631,0.1844,-0.604
25,0.22,-0.687,0.12,-0.61,0.6,-0.751,0.2,-0.756,0.209,-0.691,0.14,-0.643,0.15,-0.64,0.1844,-0.601
20,0.22,-0.684,0.12,-0.65,0.6,-0.784,0.2,-0.749,0.209,-0.683,0.14,-0.664,0.15,-0.636,0.1844,-0.604
20,0.22,-0.688,0.12,-0.658,0.6,-0.791,0.2,-0.758,0.209,-0.68,0.14,-0.663,0.15,-0.651,0.1844,-0.6
11,0.22,-0.664,0.12,-0.647,0.6,-0.775,0.2,-0.753,0.209,-0.711,0.14,-0.679,0.15,-0.611,0.1844,-0.627
35,0.22,-0.694,0.12,-0.591,0.6,-0.748,0.2,-0.73,0.209,-0.669,0.14,-0.631,0.15,-0.642,0.1844,-0.56
38,0.22,-0.696,0.12,-0.594,0.6,-0.744,0.2,-0.717,0.209,-0.657,0.14,-0.63,0.15,-0.65,0.1844,-0.566
22,0.22,-0.686,0.12,-0.665,0.6,-0.768,0.2,-0.758,0.209,-0.68,0.14,-0.649,0.15,-0.628,0.1844,-0.616
13,0.22,-0.664,0.12,-0.638,0.6,-0.771,0.2,-0.752,0.209,-0.732,0.14,-0.679,0.15,-0.598,0.1844,-0.624
37,0.22,-0.702,0.12,-0.579,0.6,-0.747,0.2,-0.719,0.209,-0.663,0.14,-0.629,0.15,-0.652,0.1844,-0.557
8,0.22,-0.664,0.12,-0.632,0.6,-0.783,0.2,-0.762,0.209,-0.713,0.14,-0.678,0.15,-0.605,0.1844,-0.625
7,0.22,-0.662,0.12,-0.651,0.6,-0.794,0.2,-0.758,0.209,-0.706,0.14,-0.678,0.15,-0.596,0.1844,-0.627
14,0.22,-0.674,0.12,-0.634,0.6,-0.764,0.2,-0.767,0.209,-0.717,0.14,-0.666,0.15,-0.601,0.1844,-0.621
24,0.22,-0.673,0.12,-0.643,0.6,-0.751,0.2,-0.76,0.209,-0.689,0.14,-0.641,0.15,-0.63,0.1844,-0.607
10,0.22,-0.659,0.12,-0.632,0.6,-0.78,0.2,-0.76,0.209,-0.715,0.14,-0.68,0.15,-0.614,0.1844,-0.627
27,0.22,-0.691,0.12,-0.612,0.6,-0.745,0.2,-0.754,0.209,-0.676,0.14,-0.646,0.15,-0.626,0.1844,-0.607
6,0.22,-0.65,0.12,-0.656,0.6,-0.795,0.2,-0.764,0.209,-0.704,0.14,-0.674,0.15,-0.593,0.1844,-0.623
26,0.22,-0.683,0.12,-0.595,0.6,-0.749,0.2,-0.747,0.209,-0.691,0.14,-0.65,0.15,-0.641,0.1844,-0.605
37,0.22,-0.701,0.12,-0.58,0.6,-0.747,0.2,-0.718,0.209,-0.663,0.14,-0.629,0.15,-0.653,0.1844,-0.557
28,0.22,-0.698,0.12,-0.554,0.6,-0.758,0.2,-0.754,0.209,-0.678,0.14,-0.637,0.15,-0.623,0.1844,-0.606
20,0.22,-0.687,0.12,-0.657,0.6,-0.788,0.2,-0.756,0.209,-0.68,0.14,-0.663,0.15,-0.649,0.1844,-0.601
35,0.22,-0.692,0.12,-0.587,0.6,-0.745,0.2,-0.726,0.209,-0.67,0.14,-0.634,0.15,-0.642,0.1844,-0.564
11,0.22,-0.663,0.12,-0.646,0.6,-0.775,0.2,-0.754,0.209,-0.711,0.14,-0.68,0.15,-0.61,0.1844,-0.627
27,0.22,-0.687,0.12,-0.605,0.6,-0.741,0.2,-0.748,0.209,-0.678,0.14,-0.647,0.15,-0.627,0.1844,-0.606
38,0.22,-0.697,0.12,-0.589,0.6,-0.745,0.2,-0.714,0.209,-0.657,0.14,-0.626,0.15,-0.649,0.1844,-0.563
5,0.22,-0.645,0.12,-0.66,0.6,-0.779,0.2,-0.775,0.209,-0.702,0.14,-0.658,0.15,-0.586,0.1844,-0.623
29,0.22,-0.695,0.12,-0.503,0.6,-0.761,0.2,-0.743,0.209,-0.686,0.14,-0.623,0.15,-0.627,0.1844,-0.598
31,0.22,-0.71,0.12,-0.546,0.6,-0.764,0.2,-0.727,0.209,-0.69,0.14,-0.632,0.15,-0.636,0.1844,-0.579
9,0.22,-0.66,0.12,-0.619,0.6,-0.784,0.2,-0.767,0.209,-0.723,0.14,-0.691,0.15,-0.616,0.1844,-0.625
4,0.22,-0.649,0.12,-0.654,0.6,-0.783,0.2,-0.78,0.209,-0.693,0.14,-0.676,0.15,-0.58,0.1844,-0.625
4,0.22,-0.646,0.12,-0.658,0.6,-0.782,0.2,-0.776,0.209,-0.705,0.14,-0.672,0.15,-0.585,0.1844,-0.632
2,0.22,-0.665,0.12,-0.636,0.6,-0.773,0.2,-0.788,0.209,-0.682,0.14,-0.685,0.15,-0.592,0.1844,-0.627
25,0.22,-0.685,0.12,-0.604,0.6,-0.747,0.2,-0.76,0.209,-0.688,0.14,-0.638,0.15,-0.633,0.1844,-0.6
36,0.22,-0.698,0.12,-0.59,0.6,-0.749,0.2,-0.728,0.209,-0.663,0.14,-0.633,0.15,-0.645,0.1844,-0.555
26,0.22,-0.682,0.12,-0.594,0.6,-0.748,0.2,-0.748,0.209,-0.691,0.14,-0.648,0.15,-0.641,0.1844,-0.603
6,0.22,-0.651,0.12,-0.655,0.6,-0.795,0.2,-0.765,0.209,-0.704,0.14,-0.674,0.15,-0.594,0.1844,-0.624
7,0.22,-0.666,0.12,-0.651,0.6,-0.794,0.2,-0.76,0.209,-0.707,0.14,-0.678,0.15,-0.598,0.1844,-0.627
38,0.22,-0.698,0.12,-0.584,0.6,-0.744,0.2,-0.711,0.209,-0.658,0.14,-0.622,0.15,-0.651,0.1844,-0.559
29,0.22,-0.695,0.12,-0.506,0.6,-0.76,0.2,-0.744,0.209,-0.685,0.14,-0.62,0.15,-0.628,0.1844,-0.595
30,0.22,-0.698,0.12,-0.532,0.6,-0.762,0.2,-0.733,0.209,-0.685,0.14,-0.622,0.15,-0.638,0.1844,-0.583
31,0.22,-0.708,0.12,-0.541,0.6,-0.765,0.2,-0.727,0.209,-0.689,0.14,-0.631,0.15,-0.639,0.1844,-0.578
25,0.22,-0.686,0.12,-0.607,0.6,-0.748,0.2,-0.756,0.209,-0.69,0.14,-0.641,0.15,-0.637,0.1844,-0.6
13,0.22,-0.668,0.12,-0.625,0.6,-0.767,0.2,-0.749,0.209,-0.728,0.14,-0.675,0.15,-0.598,0.1844,-0.618
6,0.22,-0.649,0.12,-0.657,0.6,-0.788,0.2,-0.77,0.209,-0.701,0.14,-0.664,0.15,-0.587,0.1844,-0.621
27,0.22,-0.683,0.12,-0.599,0.6,-0.74,0.2,-0.746,0.209,-0.681,0.14,-0.651,0.15,-0.637,0.1844,-0.611
22,0.22,-0.687,0.12,-0.664,0.6,-0.766,0.2,-0.761,0.209,-0.679,0.14,-0.648,0.15,-0.628,0.1844,-0.615
16,0.22,-0.672,0.12,-0.621,0.6,-0.773,0.2,-0.759,0.209,-0.693,0.14,-0.683,0.15,-0.611,0.1844,-0.619
1,0.22,-0.649,0.12,-0.603,0.6,-0.76,0.2,-0.79,0.209,-0.685,0.14,-0.646,0.15,-0.568,0.1844,-0.639
19,0.22,-0.678,0.12,-0.64,0.6,-0.776,0.2,-0.746,0.209,-0.685,0.14,-0.662,0.15,-0.623,0.1844,-0.61
2,0.22,-0.667,0.12,-0.643,0.6,-0.785,0.2,-0.779,0.209,-0.687,0.14,-0.701,0.15,-0.588,0.1844,-0.628
13,0.22,-0.677,0.12,-0.628,0.6,-0.763,0.2,-0.753,0.209,-0.715,0.14,-0.671,0.15,-0.603,0.1844,-0.614
18,0.22,-0.673,0.12,-0.629,0.6,-0.765,0.2,-0.752,0.209,-0.697,0.14,-0.651,0.15,-0.617,0.1844,-0.602
1,0.22,-0.661,0.12,-0.625,0.6,-0.772,0.2,-0.803,0.209,-0.686,0.14,-0.656,0.15,-0.593,0.1844,-0.634
36,0.22,-0.695,0.12,-0.586,0.6,-0.749,0.2,-0.728,0.209,-0.664,0.14,-0.632,0.15,-0.645,0.1844,-0.555
10,0.22,-0.664,0.12,-0.638,0.6,-0.778,0.2,-0.758,0.209,-0.713,0.14,-0.679,0.15,-0.615,0.1844,-0.632
14,0.22,-0.674,0.12,-0.633,0.6,-0.763,0.2,-0.762,0.209,-0.712,0.14,-0.664,0.15,-0.601,0.1844,-0.615
28,0.22,-0.701,0.12,-0.501,0.6,-0.757,0.2,-0.748,0.209,-0.68,0.14,-0.635,0.15,-0.622,0.1844,-0.607
13,0.22,-0.678,0.12,-0.629,0.6,-0.763,0.2,-0.753,0.209,-0.714,0.14,-0.67,0.15,-0.603,0.1844,-0.613
33,0.22,-0.693,0.12,-0.562,0.6,-0.762,0.2,-0.713,0.209,-0.675,0.14,-0.641,0.15,-0.644,0.1844,-0.569
7,0.22,-0.657,0.12,-0.653,0.6,-0.795,0.2,-0.76,0.209,-0.705,0.14,-0.677,0.15,-0.595,0.1844,-0.626
18,0.22,-0.671,0.12,-0.63,0.6,-0.762,0.2,-0.753,0.209,-0.692,0.14,-0.65,0.15,-0.611,0.1844,-0.603
11,0.22,-0.664,0.12,-0.648,0.6,-0.774,0.2,-0.754,0.209,-0.711,0.14,-0.681,0.15,-0.611,0.1844,-0.629
15,0.22,-0.675,0.12,-0.629,0.6,-0.771,0.2,-0.762,0.209,-0.707,0.14,-0.679,0.15,-0.604,0.1844,-0.623
8,0.22,-0.663,0.12,-0.636,0.6,-0.784,0.2,-0.761,0.209,-0.711,0.14,-0.679,0.15,-0.604,0.1844,-0.625
36,0.22,-0.695,0.12,-0.589,0.6,-0.753,0.2,-0.732,0.209,-0.666,0.14,-0.631,0.15,-0.645,0.1844,-0.558
32,0.22,-0.698,0.12,-0.552,0.6,-0.766,0.2,-0.722,0.209,-0.689,0.14,-0.632,0.15,-0.639,0.1844,-0.576
37,0.22,-0.701,0.12,-0.588,0.6,-0.748,0.2,-0.726,0.209,-0.661,0.14,-0.631,0.15,-0.648,0.1844,-0.553
1,0.22,-0.658,0.12,-0.618,0.6,-0.769,0.2,-0.803,0.209,-0.687,0.14,-0.654,0.15,-0.588,0.1844,-0.634
26,0.22,-0.684,0.12,-0.597,0.6,-0.742,0.2,-0.746,0.209,-0.684,0.14,-0.646,0.15,-0.639,0.1844,-0.608
10,0.22,-0.657,0.12,-0.631,0.6,-0.778,0.2,-0.76,0.209,-0.715,0.14,-0.678,0.15,-0.614,0.1844,-0.625
33,0.22,-0.686,0.12,-0.567,0.6,-0.755,0.2,-0.713,0.209,-0.669,0.14,-0.644,0.15,-0.643,0.1844,-0.56
4,0.22,-0.647,0.12,-0.657,0.6,-0.782,0.2,-0.777,0.209,-0.7,0.14,-0.673,0.15,-0.583,0.1844,-0.631
29,0.22,-0.696,0.12,-0.51,0.6,-0.761,0.2,-0.744,0.209,-0.685,0.14,-0.619,0.15,-0.63,0.1844,-0.592
31,0.22,-0.699,0.12,-0.528,0.6,-0.759,0.2,-0.727,0.209,-0.683,0.14,-0.624,0.15,-0.64,0.1844,-0.576
25,0.22,-0.686,0.12,-0.61,0.6,-0.75,0.2,-0.757,0.209,-0.69,0.14,-0.642,0.15,-0.639,0.1844,-0.601
0,0.22,-0.62,0.12,-0.563,0.6,-0.756,0.2,-0.762,0.209,-0.672,0.14,-0.616,0.15,-0.556,0.1844,-0.638
0,0.22,-0.537,0.12,-0.498,0.6,-0.679,0.2,-0.672,0.209,-0.613,0.14,-0.537,0.15,-0.47,0.1844,-0.532
38,0.22,-0.698,0.12,-0.585,0.6,-0.745,0.2,-0.712,0.209,-0.658,0.14,-0.623,0.15,-0.649,0.1844,-0.562
32,0.22,-0.696,0.12,-0.56,0.6,-0.765,0.2,-0.716,0.209,-0.681,0.14,-0.635,0.15,-0.641,0.1844,-0.573
31,0.22,-0.71,0.12,-0.545,0.6,-0.765,0.2,-0.727,0.209,-0.69,0.14,-0.631,0.15,-0.637,0.1844,-0.579
14,0.22,-0.674,0.12,-0.634,0.6,-0.764,0.2,-0.767,0.209,-0.717,0.14,-0.666,0.15,-0.601,0.1844,-0.62
30,0.22,-0.697,0.12,-0.534,0.6,-0.761,0.2,-0.731,0.209,-0.684,0.14,-0.62,0.15,-0.639,0.1844,-0.583
24,0.22,-0.673,0.12,-0.643,0.6,-0.751,0.2,-0.76,0.209,-0.688,0.14,-0.641,0.15,-0.629,0.1844,-0.607
10,0.22,-0.664,0.12,-0.64,0.6,-0.778,0.2,-0.756,0.209,-0.712,0.14,-0.678,0.15,-0.611,0.1844,-0.632
14,0.22,-0.674,0.12,-0.634,0.6,-0.765,0.2,-0.768,0.209,-0.717,0.14,-0.666,0.15,-0.601,0.1844,-0.623
33,0.22,-0.694,0.12,-0.556,0.6,-0.765,0.2,-0.712,0.209,-0.676,0.14,-0.637,0.15,-0.645,0.1844,-0.57
32,0.22,-0.699,0.12,-0.553,0.6,-0.766,0.2,-0.722,0.209,-0.689,0.14,-0.633,0.15,-0.64,0.1844,-0.576
25,0.22,-0.678,0.12,-0.634,0.6,-0.748,0.2,-0.766,0.209,-0.692,0.14,-0.639,0.15,-0.631,0.1844,-0.604
27,0.22,-0.686,0.12,-0.604,0.6,-0.741,0.2,-0.747,0.209,-0.679,0.14,-0.648,0.15,-0.631,0.1844,-0.607
25,0.22,-0.686,0.12,-0.609,0.6,-0.749,0.2,-0.757,0.209,-0.69,0.14,-0.641,0.15,-0.637,0.1844,-0.601
27,0.22,-0.692,0.12,-0.614,0.6,-0.748,0.2,-0.757,0.209,-0.676,0.14,-0.645,0.15,-0.625,0.1844,-0.606
35,0.22,-0.695,0.12,-0.598,0.6,-0.753,0.2,-0.732,0.209,-0.668,0.14,-0.631,0.15,-0.645,0.1844,-0.559
33,0.22,-0.692,0.12,-0.564,0.6,-0.76,0.2,-0.712,0.209,-0.674,0.14,-0.642,0.15,-0.644,0.1844,-0.568
24,0.22,-0.676,0.12,-0.645,0.6,-0.749,0.2,-0.767,0.209,-0.692,0.14,-0.641,0.15,-0.631,0.1844,-0.606
1,0.22,-0.652,0.12,-0.609,0.6,-0.765,0.2,-0.793,0.209,-0.683,0.14,-0.651,0.15,-0.573,0.1844,-0.634
28,0.22,-0.701,0.12,-0.514,0.6,-0.758,0.2,-0.745,0.209,-0.681,0.14,-0.634,0.15,-0.624,0.1844,-0.609
35,0.22,-0.694,0.12,-0.577,0.6,-0.745,0.2,-0.725,0.209,-0.673,0.14,-0.636,0.15,-0.641,0.1844,-0.568
14,0.22,-0.674,0.12,-0.633,0.6,-0.762,0.2,-0.76,0.209,-0.707,0.14,-0.663,0.15,-0.6,0.1844,-0.613
25,0.22,-0.686,0.12,-0.604,0.6,-0.748,0.2,-0.759,0.209,-0.688,0.14,-0.639,0.15,-0.634,0.1844,-0.6
34,0.22,-0.686,0.12,-0.553,0.6,-0.748,0.2,-0.708,0.209,-0.668,0.14,-0.642,0.15,-0.64,0.1844,-0.563
36,0.22,-0.696,0.12,-0.587,0.6,-0.749,0.2,-0.728,0.209,-0.664,0.14,-0.633,0.15,-0.645,0.1844,-0.555
36,0.22,-0.699,0.12,-0.597,0.6,-0.75,0.2,-0.729,0.209,-0.663,0.14,-0.634,0.15,-0.648,0.1844,-0.555
19,0.22,-0.67,0.12,-0.63,0.6,-0.762,0.2,-0.752,0.209,-0.69,0.14,-0.652,0.15,-0.606,0.1844,-0.6
23,0.22,-0.674,0.12,-0.644,0.6,-0.758,0.2,-0.754,0.209,-0.687,0.14,-0.642,0.15,-0.63,0.1844,-0.608
30,0.22,-0.698,0.12,-0.534,0.6,-0.761,0.2,-0.732,0.209,-0.685,0.14,-0.621,0.15,-0.639,0.1844,-0.583
22,0.22,-0.686,0.12,-0.664,0.6,-0.768,0.2,-0.756,0.209,-0.679,0.14,-0.648,0.15,-0.628,0.1844,-0.613
5,0.22,-0.644,0.12,-0.662,0.6,-0.782,0.2,-0.775,0.209,-0.705,0.14,-0.663,0.15,-0.586,0.1844,-0.627
34,0.22,-0.687,0.12,-0.555,0.6,-0.747,0.2,-0.711,0.209,-0.669,0.14,-0.641,0.15,-0.64,0.1844,-0.564
30,0.22,-0.696,0.12,-0.524,0.6,-0.762,0.2,-0.734,0.209,-0.686,0.14,-0.622,0.15,-0.635,0.1844,-0.583
30,0.22,-0.695,0.12,-0.514,0.6,-0.763,0.2,-0.742,0.209,-0.686,0.14,-0.617,0.15,-0.633,0.1844,-0.582
21,0.22,-0.683,0.12,-0.656,0.6,-0.785,0.2,-0.751,0.209,-0.678,0.14,-0.659,0.15,-0.642,0.1844,-0.6
2,0.22,-0.665,0.12,-0.63,0.6,-0.773,0.2,-0.803,0.209,-0.686,0.14,-0.675,0.15,-0.595,0.1844,-0.63
2,0.22,-0.665,0.12,-0.633,0.6,-0.773,0.2,-0.806,0.209,-0.687,0.14,-0.671,0.15,-0.597,0.1844,-0.631
33,0.22,-0.686,0.12,-0.567,0.6,-0.756,0.2,-0.713,0.209,-0.67,0.14,-0.644,0.15,-0.644,0.1844,-0.561
20,0.22,-0.687,0.12,-0.656,0.6,-0.787,0.2,-0.755,0.209,-0.68,0.14,-0.663,0.15,-0.649,0.1844,-0.601
12,0.22,-0.663,0.12,-0.647,0.6,-0.773,0.2,-0.755,0.209,-0.718,0.14,-0.677,0.15,-0.605,0.1844,-0.62
2,0.22,-0.663,0.12,-0.635,0.6,-0.772,0.2,-0.791,0.209,-0.682,0.14,-0.682,0.15,-0.591,0.1844,-0.627
1,0.22,-0.661,0.12,-0.626,0.6,-0.773,0.2,-0.803,0.209,-0.686,0.14,-0.657,0.15,-0.594,0.1844,-0.634
36,0.22,-0.698,0.12,-0.589,0.6,-0.749,0.2,-0.728,0.209,-0.663,0.14,-0.633,0.15,-0.645,0.1844,-0.555
8,0.22,-0.662,0.12,-0.624,0.6,-0.785,0.2,-0.764,0.209,-0.721,0.14,-0.687,0.15,-0.612,0.1844,-0.626
34,0.22,-0.692,0.12,-0.569,0.6,-0.746,0.2,-0.721,0.209,-0.674,0.14,-0.639,0.15,-0.642,0.1844,-0.569
24,0.22,-0.676,0.12,-0.646,0.6,-0.748,0.2,-0.767,0.209,-0.692,0.14,-0.639,0.15,-0.631,0.1844,-0.605
18,0.22,-0.673,0.12,-0.629,0.6,-0.768,0.2,-0.754,0.209,-0.7,0.14,-0.653,0.15,-0.619,0.1844,-0.603
14,0.22,-0.675,0.12,-0.633,0.6,-0.764,0.2,-0.762,0.209,-0.712,0.14,-0.664,0.15,-0.601,0.1844,-0.616
11,0.22,-0.664,0.12,-0.646,0.6,-0.776,0.2,-0.754,0.209,-0.71,0.14,-0.678,0.15,-0.61,0.1844,-0.626
15,0.22,-0.674,0.12,-0.624,0.6,-0.776,0.2,-0.763,0.209,-0.699,0.14,-0.689,0.15,-0.608,0.1844,-0.623
8,0.22,-0.667,0.12,-0.646,0.6,-0.786,0.2,-0.76,0.209,-0.709,0.14,-0.679,0.15,-0.599,0.1844,-0.627
1,0.22,-0.65,0.12,-0.607,0.6,-0.764,0.2,-0.791,0.209,-0.684,0.14,-0.649,0.15,-0.571,0.1844,-0.637
20,0.22,-0.685,0.12,-0.653,0.6,-0.785,0.2,-0.75,0.209,-0.683,0.14,-0.665,0.15,-0.641,0.1844,-0.604
15,0.22,-0.675,0.12,-0.629,0.6,-0.772,0.2,-0.762,0.209,-0.706,0.14,-0.682,0.15,-0.605,0.1844,-0.622
38,0.22,-0.699,0.12,-0.582,0.6,-0.743,0.2,-0.71,0.209,-0.659,0.14,-0.622,0.15,-0.653,0.1844,-0.558
29,0.22,-0.695,0.12,-0.499,0.6,-0.76,0.2,-0.744,0.209,-0.686,0.14,-0.625,0.15,-0.626,0.1844,-0.599
12,0.22,-0.66,0.12,-0.647,0.6,-0.77,0.2,-0.753,0.209,-0.726,0.14,-0.676,0.15,-0.601,0.1844,-0.621
15,0.22,-0.675,0.12,-0.629,0.6,-0.771,0.2,-0.762,0.209,-0.707,0.14,-0.681,0.15,-0.605,0.1844,-0.622
35,0.22,-0.692,0.12,-0.589,0.6,-0.746,0.2,-0.725,0.209,-0.67,0.14,-0.631,0.15,-0.641,0.1844,-0.563
18,0.22,-0.672,0.12,-0.631,0.6,-0.763,0.2,-0.753,0.209,-0.696,0.14,-0.649,0.15,-0.612,0.1844,-0.603
16,0.22,-0.669,0.12,-0.621,0.6,-0.773,0.2,-0.757,0.209,-0.693,0.14,-0.679,0.15,-0.615,0.1844,-0.618
27,0.22,-0.688,0.12,-0.607,0.6,-0.742,0.2,-0.749,0.209,-0.677,0.14,-0.646,0.15,-0.626,0.1844,-0.606
16,0.22,-0.671,0.12,-0.617,0.6,-0.773,0.2,-0.759,0.209,-0.693,0.14,-0.669,0.15,-0.618,0.1844,-0.618
32,0.22,-0.698,0.12,-0.557,0.6,-0.765,0.2,-0.72,0.209,-0.683,0.14,-0.635,0.15,-0.64,0.1844,-0.575
5,0.22,-0.644,0.12,-0.661,0.6,-0.779,0.2,-0.773,0.209,-0.705,0.14,-0.662,0.15,-0.587,0.1844,-0.625
3,0.22,-0.659,0.12,-0.647,0.6,-0.784,0.2,-0.776,0.209,-0.691,0.14,-0.691,0.15,-0.587,0.1844,-0.626
5,0.22,-0.646,0.12,-0.664,0.6,-0.781,0.2,-0.775,0.209,-0.71,0.14,-0.669,0.15,-0.588,0.1844,-0.634
4,0.22,-0.648,0.12,-0.657,0.6,-0.782,0.2,-0.778,0.209,-0.699,0.14,-0.672,0.15,-0.583,0.1844,-0.629
14,0.22,-0.674,0.12,-0.633,0.6,-0.763,0.2,-0.761,0.209,-0.71,0.14,-0.664,0.15,-0.6,0.1844,-0.615
38,0.22,-0.701,0.12,-0.583,0.6,-0.745,0.2,-0.711,0.209,-0.662,0.14,-0.622,0.15,-0.654,0.1844,-0.557
37,0.22,-0.702,0.12,-0.577,0.6,-0.747,0.2,-0.72,0.209,-0.662,0.14,-0.629,0.15,-0.651,0.1844,-0.556
2,0.22,-0.663,0.12,-0.632,0.6,-0.771,0.2,-0.798,0.209,-0.681,0.14,-0.678,0.15,-0.591,0.1844,-0.628
31,0.22,-0.7,0.12,-0.53,0.6,-0.761,0.2,-0.727,0.209,-0.684,0.14,-0.626,0.15,-0.639,0.1844,-0.576
20,0.22,-0.686,0.12,-0.655,0.6,-0.786,0.2,-0.753,0.209,-0.68,0.14,-0.662,0.15,-0.647,0.1844,-0.602
26,0.22,-0.684,0.12,-0.596,0.6,-0.743,0.2,-0.746,0.209,-0.684,0.14,-0.644,0.15,-0.639,0.1844,-0.607
2,0.22,-0.665,0.12,-0.639,0.6,-0.775,0.2,-0.785,0.209,-0.681,0.14,-0.688,0.15,-0.59,0.1844,-0.629
6,0.22,-0.65,0.12,-0.656,0.6,-0.793,0.2,-0.765,0.209,-0.703,0.14,-0.672,0.15,-0.592,0.1844,-0.623
13,0.22,-0.665,0.12,-0.632,0.6,-0.771,0.2,-0.752,0.209,-0.731,0.14,-0.677,0.15,-0.597,0.1844,-0.623
17,0.22,-0.675,0.12,-0.627,0.6,-0.772,0.2,-0.752,0.209,-0.7,0.14,-0.655,0.15,-0.62,0.1844,-0.606
22,0.22,-0.686,0.12,-0.665,0.6,-0.766,0.2,-0.76,0.209,-0.68,0.14,-0.647,0.15,-0.627,0.1844,-0.615
14,0.22,-0.675,0.12,-0.633,0.6,-0.764,0.2,-0.763,0.209,-0.712,0.14,-0.664,0.15,-0.601,0.1844,-0.617
18,0.22,-0.673,0.12,-0.629,0.6,-0.768,0.2,-0.754,0.209,-0.7,0.14,-0.654,0.15,-0.62,0.1844,-0.602
15,0.22,-0.674,0.12,-0.631,0.6,-0.77,0.2,-0.762,0.209,-0.709,0.14,-0.674,0.15,-0.603,0.1844,-0.622
39,0.22,-0.708,0.12,-0.606,0.6,-0.758,0.2,-0.718,0.209,-0.662,0.14,-0.633,0.15,-0.653,0.1844,-0.574
18,0.22,-0.673,0.12,-0.631,0.6,-0.764,0.2,-0.752,0.209,-0.696,0.14,-0.65,0.15,-0.613,0.1844,-0.603
31,0.22,-0.696,0.12,-0.539,0.6,-0.759,0.2,-0.73,0.209,-0.681,0.14,-0.622,0.15,-0.642,0.1844,-0.579
28,0.22,-0.698,0.12,-0.56,0.6,-0.757,0.2,-0.755,0.209,-0.678,0.14,-0.637,0.15,-0.623,0.1844,-0.606
33,0.22,-0.693,0.12,-0.56,0.6,-0.762,0.2,-0.712,0.209,-0.675,0.14,-0.639,0.15,-0.644,0.1844,-0.57
8,0.22,-0.662,0.12,-0.623,0.6,-0.785,0.2,-0.765,0.209,-0.721,0.14,-0.688,0.15,-0.613,0.1844,-0.626
36,0.22,-0.695,0.12,-0.6,0.6,-0.754,0.2,-0.732,0.209,-0.667,0.14,-0.632,0.15,-0.646,0.1844,-0.559
24,0.22,-0.672,0.12,-0.642,0.6,-0.751,0.2,-0.758,0.209,-0.687,0.14,-0.641,0.15,-0.629,0.1844,-0.607
26,0.22,-0.684,0.12,-0.592,0.6,-0.75,0.2,-0.751,0.209,-0.691,0.14,-0.647,0.15,-0.641,0.1844,-0.601
13,0.22,-0.671,0.12,-0.624,0.6,-0.765,0.2,-0.749,0.209,-0.724,0.14,-0.673,0.15,-0.599,0.1844,-0.617
15,0.22,-0.674,0.12,-0.627,0.6,-0.773,0.2,-0.763,0.209,-0.703,0.14,-0.684,0.15,-0.605,0.1844,-0.622
34,0.22,-0.688,0.12,-0.556,0.6,-0.747,0.2,-0.712,0.209,-0.669,0.14,-0.642,0.15,-0.64,0.1844,-0.564
2,0.22,-0.667,0.12,-0.642,0.6,-0.781,0.2,-0.781,0.209,-0.684,0.14,-0.699,0.15,-0.589,0.1844,-0.629
22,0.22,-0.686,0.12,-0.664,0.6,-0.769,0.2,-0.756,0.209,-0.677,0.14,-0.648,0.15,-0.628,0.1844,-0.615
34,0.22,-0.692,0.12,-0.567,0.6,-0.746,0.2,-0.72,0.209,-0.673,0.14,-0.639,0.15,-0.641,0.1844,-0.568
24,0.22,-0.674,0.12,-0.644,0.6,-0.751,0.2,-0.761,0.209,-0.69,0.14,-0.641,0.15,-0.629,0.1844,-0.608
3,0.22,-0.649,0.12,-0.653,0.6,-0.782,0.2,-0.778,0.209,-0.691,0.14,-0.678,0.15,-0.58,0.1844,-0.625
33,0.22,-0.685,0.12,-0.566,0.6,-0.754,0.2,-0.714,0.209,-0.669,0.14,-0.644,0.15,-0.643,0.1844,-0.56
12,0.22,-0.662,0.12,-0.649,0.6,-0.773,0.2,-0.753,0.209,-0.731,0.14,-0.677,0.15,-0.599,0.1844,-0.622
38,0.22,-0.696,0.12,-0.593,0.6,-0.744,0.2,-0.716,0.209,-0.658,0.14,-0.63,0.15,-0.649,0.1844,-0.566
11,0.22,-0.664,0.12,-0.649,0.6,-0.775,0.2,-0.754,0.209,-0.711,0.14,-0.68,0.15,-0.612,0.1844,-0.629
16,0.22,-0.672,0.12,-0.617,0.6,-0.774,0.2,-0.759,0.209,-0.693,0.14,-0.669,0.15,-0.619,0.1844,-0.618
31,0.22,-0.705,0.12,-0.537,0.6,-0.764,0.2,-0.727,0.209,-0.686,0.14,-0.628,0.15,-0.64,0.1844,-0.577
12,0.22,-0.665,0.12,-0.647,0.6,-0.774,0.2,-0.755,0.209,-0.716,0.14,-0.677,0.15,-0.607,0.1844,-0.619
10,0.22,-0.66,0.12,-0.636,0.6,-0.779,0.2,-0.76,0.209,-0.715,0.14,-0.68,0.15,-0.615,0.1844,-0.629
27,0.22,-0.694,0.12,-0.622,0.6,-0.755,0.2,-0.759,0.209,-0.676,0.14,-0.645,0.15,-0.623,0.1844,-0.606
15,0.22,-0.673,0.12,-0.634,0.6,-0.766,0.2,-0.767,0.209,-0.716,0.14,-0.666,0.15,-0.601,0.1844,-0.624
12,0.22,-0.66,0.12,-0.646,0.6,-0.77,0.2,-0.753,0.209,-0.724,0.14,-0.675,0.15,-0.603,0.1844,-0.62
8,0.22,-0.662,0.12,-0.627,0.6,-0.785,0.2,-0.762,0.209,-0.718,0.14,-0.681,0.15,-0.608,0.1844,-0.625
30,0.22,-0.697,0.12,-0.537,0.6,-0.759,0.2,-0.73,0.209,-0.683,0.14,-0.621,0.15,-0.642,0.1844,-0.581
1,0.22,-0.644,0.12,-0.589,0.6,-0.766,0.2,-0.789,0.209,-0.686,0.14,-0.631,0.15,-0.571,0.1844,-0.652
2,0.22,-0.664,0.12,-0.63,0.6,-0.772,0.2,-0.8,0.209,-0.684,0.14,-0.677,0.15,-0.594,0.1844,-0.628
0,0.22,-0.636,0.12,-0.566,0.6,-0.766,0.2,-0.784,0.209,-0.684,0.14,-0.627,0.15,-0.562,0.1844,-0.64
26,0.22,-0.682,0.12,-0.595,0.6,-0.749,0.2,-0.746,0.209,-0.69,0.14,-0.649,0.15,-0.641,0.1844,-0.604
35,0.22,-0.693,0.12,-0.591,0.6,-0.747,0.2,-0.725,0.209,-0.67,0.14,-0.631,0.15,-0.642,0.1844,-0.562
23,0.22,-0.685,0.12,-0.639,0.6,-0.763,0.2,-0.759,0.209,-0.682,0.14,-0.644,0.15,-0.629,0.1844,-0.614
27,0.22,-0.686,0.12,-0.601,0.6,-0.74,0.2,-0.746,0.209,-0.679,0.14,-0.651,0.15,-0.636,0.1844,-0.61
33,0.22,-0.696,0.12,-0.565,0.6,-0.766,0.2,-0.713,0.209,-0.679,0.14,-0.636,0.15,-0.645,0.1844,-0.572
11,0.22,-0.665,0.12,-0.646,0.6,-0.775,0.2,-0.756,0.209,-0.713,0.14,-0.677,0.15,-0.607,0.1844,-0.617
35,0.22,-0.692,0.12,-0.586,0.6,-0.744,0.2,-0.726,0.209,-0.671,0.14,-0.634,0.15,-0.642,0.1844,-0.564
38,0.22,-0.697,0.12,-0.588,0.6,-0.745,0.2,-0.713,0.209,-0.658,0.14,-0.625,0.15,-0.649,0.1844,-0.562
10,0.22,-0.659,0.12,-0.632,0.6,-0.78,0.2,-0.76,0.209,-0.715,0.14,-0.68,0.15,-0.614,0.1844,-0.626
14,0.22,-0.674,0.12,-0.632,0.6,-0.762,0.2,-0.76,0.209,-0.707,0.14,-0.663,0.15,-0.6,0.1844,-0.612
21,0.22,-0.68,0.12,-0.663,0.6,-0.779,0.2,-0.743,0.209,-0.678,0.14,-0.658,0.15,-0.63,0.1844,-0.604
11,0.22,-0.664,0.12,-0.648,0.6,-0.775,0.2,-0.754,0.209,-0.711,0.14,-0.681,0.15,-0.611,0.1844,-0.629
3,0.22,-0.66,0.12,-0.647,0.6,-0.784,0.2,-0.776,0.209,-0.691,0.14,-0.691,0.15,-0.587,0.1844,-0.626
25,0.22,-0.687,0.12,-0.606,0.6,-0.748,0.2,-0.757,0.209,-0.689,0.14,-0.64,0.15,-0.637,0.1844,-0.6
3,0.22,-0.654,0.12,-0.648,0.6,-0.783,0.2,-0.778,0.209,-0.692,0.14,-0.689,0.15,-0.582,0.1844,-0.626
24,0.22,-0.676,0.12,-0.645,0.6,-0.75,0.2,-0.766,0.209,-0.693,0.14,-0.641,0.15,-0.63,0.1844,-0.606
25,0.22,-0.677,0.12,-0.646,0.6,-0.749,0.2,-0.768,0.209,-0.693,0.14,-0.639,0.15,-0.631,0.1844,-0.606
20,0.22,-0.685,0.12,-0.654,0.6,-0.785,0.2,-0.752,0.209,-0.682,0.14,-0.662,0.15,-0.644,0.1844,-0.603
8,0.22,-0.662,0.12,-0.626,0.6,-0.785,0.2,-0.763,0.209,-0.719,0.14,-0.685,0.15,-0.611,0.1844,-0.625
6,0.22,-0.649,0.12,-0.657,0.6,-0.786,0.2,-0.771,0.209,-0.702,0.14,-0.66,0.15,-0.585,0.1844,-0.621
27,0.22,-0.694,0.12,-0.62,0.6,-0.753,0.2,-0.759,0.209,-0.676,0.14,-0.645,0.15,-0.624,0.1844,-0.606
4,0.22,-0.648,0.12,-0.653,0.6,-0.783,0.2,-0.779,0.209,-0.696,0.14,-0.672,0.15,-0.581,0.1844,-0.628
25,0.22,-0.678,0.12,-0.621,0.6,-0.747,0.2,-0.765,0.209,-0.69,0.14,-0.637,0.15,-0.632,0.1844,-0.604
29,0.22,-0.695,0.12,-0.494,0.6,-0.759,0.2,-0.744,0.209,-0.683,0.14,-0.625,0.15,-0.624,0.1844,-0.6
28,0.22,-0.701,0.12,-0.509,0.6,-0.758,0.2,-0.746,0.209,-0.681,0.14,-0.635,0.15,-0.624,0.1844,-0.608
35,0.22,-0.691,0.12,-0.582,0.6,-0.743,0.2,-0.726,0.209,-0.671,0.14,-0.634,0.15,-0.641,0.1844,-0.564
2,0.22,-0.668,0.12,-0.642,0.6,-0.779,0.2,-0.782,0.209,-0.683,0.14,-0.698,0.15,-0.59,0.1844,-0.629
32,0.22,-0.698,0.12,-0.559,0.6,-0.765,0.2,-0.718,0.209,-0.682,0.14,-0.636,0.15,-0.639,0.1844,-0.574
31,0.22,-0.697,0.12,-0.525,0.6,-0.759,0.2,-0.727,0.209,-0.682,0.14,-0.622,0.15,-0.64,0.1844,-0.576
4,0.22,-0.647,0.12,-0.652,0.6,-0.783,0.2,-0.779,0.209,-0.695,0.14,-0.672,0.15,-0.581,0.1844,-0.627
13,0.22,-0.671,0.12,-0.624,0.6,-0.765,0.2,-0.749,0.209,-0.724,0.14,-0.674,0.15,-0.599,0.1844,-0.617
13,0.22,-0.667,0.12,-0.625,0.6,-0.768,0.2,-0.749,0.209,-0.727,0.14,-0.675,0.15,-0.598,0.1844,-0.62
17,0.22,-0.67,0.12,-0.616,0.6,-0.772,0.2,-0.753,0.209,-0.693,0.14,-0.663,0.15,-0.618,0.1844,-0.613
22,0.22,-0.685,0.12,-0.665,0.6,-0.771,0.2,-0.755,0.209,-0.674,0.14,-0.648,0.15,-0.629,0.1844,-0.615
29,0.22,-0.696,0.12,-0.528,0.6,-0.762,0.2,-0.748,0.209,-0.689,0.14,-0.618,0.15,-0.635,0.1844,-0.587
39,0.22,-0.703,0.12,-0.6,0.6,-0.752,0.2,-0.719,0.209,-0.659,0.14,-0.633,0.15,-0.652,0.1844,-0.57
15,0.22,-0.674,0.12,-0.631,0.6,-0.77,0.2,-0.762,0.209,-0.709,0.14,-0.675,0.15,-0.603,0.1844,-0.622
33,0.22,-0.685,0.12,-0.566,0.6,-0.754,0.2,-0.713,0.209,-0.669,0.14,-0.645,0.15,-0.642,0.1844,-0.56
13,0.22,-0.672,0.12,-0.624,0.6,-0.764,0.2,-0.75,0.209,-0.72,0.14,-0.67,0.15,-0.599,0.1844,-0.616
2,0.22,-0.666,0.12,-0.632,0.6,-0.773,0.2,-0.808,0.209,-0.687,0.14,-0.667,0.15,-0.598,0.1844,-0.633
20,0.22,-0.686,0.12,-0.655,0.6,-0.786,0.2,-0.754,0.209,-0.68,0.14,-0.662,0.15,-0.649,0.1844,-0.601
19,0.22,-0.671,0.12,-0.631,0.6,-0.764,0.2,-0.749,0.209,-0.685,0.14,-0.653,0.15,-0.61,0.1844,-0.6
12,0.22,-0.661,0.12,-0.646,0.6,-0.77,0.2,-0.753,0.209,-0.724,0.14,-0.675,0.15,-0.604,0.1844,-0.621
26,0.22,-0.686,0.12,-0.603,0.6,-0.752,0.2,-0.756,0.209,-0.69,0.14,-0.646,0.15,-0.642,0.1844,-0.601
24,0.22,-0.676,0.12,-0.644,0.6,-0.752,0.2,-0.762,0.209,-0.692,0.14,-0.641,0.15,-0.629,0.1844,-0.607
35,0.22,-0.692,0.12,-0.581,0.6,-0.743,0.2,-0.725,0.209,-0.671,0.14,-0.634,0.15,-0.641,0.1844,-0.565
9,0.22,-0.656,0.12,-0.62,0.6,-0.78,0.2,-0.765,0.209,-0.721,0.14,-0.687,0.15,-0.615,0.1844,-0.625
33,0.22,-0.693,0.12,-0.559,0.6,-0.762,0.2,-0.712,0.209,-0.675,0.14,-0.639,0.15,-0.644,0.1844,-0.569
7,0.22,-0.655,0.12,-0.653,0.6,-0.795,0.2,-0.761,0.209,-0.704,0.14,-0.676,0.15,-0.594,0.1844,-0.625
34,0.22,-0.684,0.12,-0.549,0.6,-0.748,0.2,-0.702,0.209,-0.668,0.14,-0.642,0.15,-0.639,0.1844,-0.56
27,0.22,-0.687,0.12,-0.606,0.6,-0.742,0.2,-0.749,0.209,-0.677,0.14,-0.646,0.15,-0.627,0.1844,-0.606
30,0.22,-0.698,0.12,-0.533,0.6,-0.762,0.2,-0.732,0.209,-0.685,0.14,-0.622,0.15,-0.638,0.1844,-0.583
6,0.22,-0.648,0.12,-0.658,0.6,-0.786,0.2,-0.772,0.209,-0.702,0.14,-0.659,0.15,-0.585,0.1844,-0.621
23,0.22,-0.682,0.12,-0.639,0.6,-0.76,0.2,-0.761,0.209,-0.686,0.14,-0.642,0.15,-0.631,0.1844,-0.613
17,0.22,-0.673,0.12,-0.626,0.6,-0.772,0.2,-0.752,0.209,-0.698,0.14,-0.656,0.15,-0.619,0.1844,-0.607
7,0.22,-0.666,0.12,-0.651,0.6,-0.794,0.2,-0.761,0.209,-0.708,0.14,-0.679,0.15,-0.598,0.1844,-0.628
14,0.22,-0.68,0.12,-0.631,0.6,-0.762,0.2,-0.754,0.209,-0.704,0.14,-0.668,0.15,-0.605,0.1844,-0.61
32,0.22,-0.7,0.12,-0.549,0.6,-0.765,0.2,-0.723,0.209,-0.69,0.14,-0.632,0.15,-0.638,0.1844,-0.576
11,0.22,-0.663,0.12,-0.645,0.6,-0.777,0.2,-0.755,0.209,-0.709,0.14,-0.679,0.15,-0.612,0.1844,-0.632
10,0.22,-0.663,0.12,-0.644,0.6,-0.777,0.2,-0.755,0.209,-0.71,0.14,-0.679,0.15,-0.611,0.1844,-0.632
17,0.22,-0.67,0.12,-0.617,0.6,-0.772,0.2,-0.752,0.209,-0.693,0.14,-0.663,0.15,-0.618,0.1844,-0.613
23,0.22,-0.675,0.12,-0.643,0.6,-0.758,0.2,-0.757,0.209,-0.688,0.14,-0.642,0.15,-0.629,0.1844,-0.609
11,0.22,-0.664,0.12,-0.646,0.6,-0.776,0.2,-0.754,0.209,-0.71,0.14,-0.678,0.15,-0.609,0.1844,-0.625
5,0.22,-0.645,0.12,-0.663,0.6,-0.781,0.2,-0.773,0.209,-0.705,0.14,-0.665,0.15,-0.587,0.1844,-0.63
4,0.22,-0.647,0.12,-0.652,0.6,-0.783,0.2,-0.779,0.209,-0.696,0.14,-0.672,0.15,-0.581,0.1844,-0.628
17,0.22,-0.675,0.12,-0.628,0.6,-0.773,0.2,-0.752,0.209,-0.704,0.14,-0.654,0.15,-0.622,0.1844,-0.604
39,0.22,-0.7,0.12,-0.597,0.6,-0.749,0.2,-0.717,0.209,-0.657,0.14,-0.632,0.15,-0.651,0.1844,-0.57
7,0.22,-0.652,0.12,-0.653,0.6,-0.794,0.2,-0.763,0.209,-0.705,0.14,-0.674,0.15,-0.594,0.1844,-0.624
10,0.22,-0.658,0.12,-0.626,0.6,-0.781,0.2,-0.762,0.209,-0.716,0.14,-0.685,0.15,-0.615,0.1844,-0.622
32,0.22,-0.696,0.12,-0.563,0.6,-0.766,0.2,-0.715,0.209,-0.681,0.14,-0.638,0.15,-0.644,0.1844,-0.573
31,0.22,-0.703,0.12,-0.532,0.6,-0.762,0.2,-0.726,0.209,-0.686,0.14,-0.627,0.15,-0.641,0.1844,-0.576
15,0.22,-0.674,0.12,-0.631,0.6,-0.769,0.2,-0.762,0.209,-0.71,0.14,-0.673,0.15,-0.603,0.1844,-0.622
31,0.22,-0.709,0.12,-0.542,0.6,-0.766,0.2,-0.727,0.209,-0.69,0.14,-0.631,0.15,-0.638,0.1844,-0.578
38,0.22,-0.699,0.12,-0.581,0.6,-0.743,0.2,-0.71,0.209,-0.659,0.14,-0.622,0.15,-0.653,0.1844,-0.559
0,0.22,-0.611,0.12,-0.558,0.6,-0.75,0.2,-0.749,0.209,-0.671,0.14,-0.608,0.15,-0.549,0.1844,-0.624
1,0.22,-0.65,0.12,-0.607,0.6,-0.765,0.2,-0.792,0.209,-0.685,0.14,-0.651,0.15,-0.572,0.1844,-0.636
1,0.22,-0.659,0.12,-0.622,0.6,-0.771,0.2,-0.803,0.209,-0.686,0.14,-0.654,0.15,-0.589,0.1844,-0.633
30,0.22,-0.695,0.12,-0.516,0.6,-0.763,0.2,-0.738,0.209,-0.685,0.14,-0.617,0.15,-0.634,0.1844,-0.582
26,0.22,-0.685,0.12,-0.597,0.6,-0.742,0.2,-0.746,0.209,-0.684,0.14,-0.647,0.15,-0.638,0.1844,-0.61
22,0.22,-0.687,0.12,-0.666,0.6,-0.768,0.2,-0.759,0.209,-0.681,0.14,-0.649,0.15,-0.628,0.1844,-0.617
39,0.22,-0.696,0.12,-0.591,0.6,-0.745,0.2,-0.718,0.209,-0.657,0.14,-0.633,0.15,-0.649,0.1844,-0.57
19,0.22,-0.678,0.12,-0.64,0.6,-0.775,0.2,-0.746,0.209,-0.685,0.14,-0.662,0.15,-0.623,0.1844,-0.609
32,0.22,-0.698,0.12,-0.554,0.6,-0.766,0.2,-0.721,0.209,-0.685,0.14,-0.635,0.15,-0.641,0.1844,-0.575
0,0.22,-0.597,0.12,-0.558,0.6,-0.743,0.2,-0.738,0.209,-0.661,0.14,-0.6,0.15,-0.536,0.1844,-0.605
30,0.22,-0.696,0.12,-0.521,0.6,-0.761,0.2,-0.748,0.209,-0.688,0.14,-0.619,0.15,-0.636,0.1844,-0.584
18,0.22,-0.675,0.12,-0.63,0.6,-0.771,0.2,-0.753,0.209,-0.703,0.14,-0.654,0.15,-0.621,0.1844,-0.603
3,0.22,-0.653,0.12,-0.649,0.6,-0.782,0.2,-0.778,0.209,-0.693,0.14,-0.687,0.15,-0.58,0.1844,-0.625
19,0.22,-0.675,0.12,-0.635,0.6,-0.768,0.2,-0.747,0.209,-0.684,0.14,-0.656,0.15,-0.615,0.1844,-0.606
39,0.22,-0.696,0.12,-0.592,0.6,-0.746,0.2,-0.718,0.209,-0.657,0.14,-0.633,0.15,-0.65,0.1844,-0.57
35,0.22,-0.694,0.12,-0.591,0.6,-0.749,0.2,-0.729,0.209,-0.669,0.14,-0.631,0.15,-0.642,0.1844,-0.56
30,0.22,-0.696,0.12,-0.521,0.6,-0.763,0.2,-0.734,0.209,-0.686,0.14,-0.62,0.15,-0.635,0.1844,-0.582
21,0.22,-0.678,0.12,-0.66,0.6,-0.781,0.2,-0.746,0.209,-0.679,0.14,-0.656,0.15,-0.638,0.1844,-0.603
29,0.22,-0.696,0.12,-0.526,0.6,-0.762,0.2,-0.747,0.209,-0.689,0.14,-0.618,0.15,-0.634,0.1844,-0.587
16,0.22,-0.669,0.12,-0.619,0.6,-0.774,0.2,-0.759,0.209,-0.692,0.14,-0.682,0.15,-0.612,0.1844,-0.618
34,0.22,-0.69,0.12,-0.564,0.6,-0.747,0.2,-0.72,0.209,-0.672,0.14,-0.641,0.15,-0.641,0.1844,-0.567
34,0.22,-0.682,0.12,-0.559,0.6,-0.75,0.2,-0.697,0.209,-0.665,0.14,-0.644,0.15,-0.639,0.1844,-0.559
26,0.22,-0.686,0.12,-0.591,0.6,-0.75,0.2,-0.753,0.209,-0.691,0.14,-0.646,0.15,-0.642,0.1844,-0.601
30,0.22,-0.697,0.12,-0.529,0.6,-0.762,0.2,-0.733,0.209,-0.686,0.14,-0.622,0.15,-0.637,0.1844,-0.583
5,0.22,-0.648,0.12,-0.661,0.6,-0.783,0.2,-0.775,0.209,-0.703,0.14,-0.658,0.15,-0.587,0.1844,-0.622
10,0.22,-0.662,0.12,-0.638,0.6,-0.779,0.2,-0.759,0.209,-0.715,0.14,-0.681,0.15,-0.616,0.1844,-0.63
19,0.22,-0.674,0.12,-0.634,0.6,-0.767,0.2,-0.748,0.209,-0.684,0.14,-0.655,0.15,-0.615,0.1844,-0.605
38,0.22,-0.7,0.12,-0.583,0.6,-0.744,0.2,-0.711,0.209,-0.66,0.14,-0.623,0.15,-0.654,0.1844,-0.558
37,0.22,-0.702,0.12,-0.578,0.6,-0.747,0.2,-0.719,0.209,-0.663,0.14,-0.629,0.15,-0.652,0.1844,-0.556
12,0.22,-0.662,0.12,-0.647,0.6,-0.769,0.2,-0.753,0.209,-0.724,0.14,-0.675,0.15,-0.604,0.1844,-0.621
10,0.22,-0.66,0.12,-0.635,0.6,-0.779,0.2,-0.76,0.209,-0.715,0.14,-0.68,0.15,-0.615,0.1844,-0.628
30,0.22,-0.695,0.12,-0.517,0.6,-0.762,0.2,-0.736,0.209,-0.685,0.14,-0.618,0.15,-0.634,0.1844,-0.582
15,0.22,-0.673,0.12,-0.631,0.6,-0.769,0.2,-0.763,0.209,-0.71,0.14,-0.671,0.15,-0.602,0.1844,-0.622
4,0.22,-0.647,0.12,-0.662,0.6,-0.783,0.2,-0.776,0.209,-0.708,0.14,-0.671,0.15,-0.589,0.1844,-0.632
4,0.22,-0.648,0.12,-0.664,0.6,-0.783,0.2,-0.776,0.209,-0.71,0.14,-0.671,0.15,-0.59,0.1844,-0.635
22,0.22,-0.683,0.12,-0.665,0.6,-0.774,0.2,-0.752,0.209,-0.673,0.14,-0.649,0.15,-0.63,0.1844,-0.612
20,0.22,-0.685,0.12,-0.652,0.6,-0.784,0.2,-0.749,0.209,-0.683,0.14,-0.665,0.15,-0.638,0.1844,-0.605
8,0.22,-0.664,0.12,-0.634,0.6,-0.783,0.2,-0.761,0.209,-0.712,0.14,-0.677,0.15,-0.604,0.1844,-0.625
13,0.22,-0.672,0.12,-0.625,0.6,-0.763,0.2,-0.751,0.209,-0.719,0.14,-0.67,0.15,-0.602,0.1844,-0.616
35,0.22,-0.693,0.12,-0.574,0.6,-0.744,0.2,-0.724,0.209,-0.674,0.14,-0.638,0.15,-0.641,0.1844,-0.571
11,0.22,-0.663,0.12,-0.646,0.6,-0.776,0.2,-0.755,0.209,-0.71,0.14,-0.677,0.15,-0.612,0.1844,-0.632
4,0.22,-0.646,0.12,-0.657,0.6,-0.782,0.2,-0.777,0.209,-0.701,0.14,-0.672,0.15,-0.583,0.1844,-0.632
6,0.22,-0.648,0.12,-0.661,0.6,-0.783,0.2,-0.775,0.209,-0.704,0.14,-0.658,0.15,-0.588,0.1844,-0.622
31,0.22,-0.704,0.12,-0.534,0.6,-0.763,0.2,-0.726,0.209,-0.686,0.14,-0.628,0.15,-0.641,0.1844,-0.575
16,0.22,-0.672,0.12,-0.621,0.6,-0.773,0.2,-0.759,0.209,-0.693,0.14,-0.682,0.15,-0.611,0.1844,-0.619
39,0.22,-0.696,0.12,-0.597,0.6,-0.745,0.2,-0.719,0.209,-0.657,0.14,-0.633,0.15,-0.65,0.1844,-0.569
28,0.22,-0.701,0.12,-0.506,0.6,-0.758,0.2,-0.747,0.209,-0.68,0.14,-0.635,0.15,-0.623,0.1844,-0.607
24,0.22,-0.676,0.12,-0.645,0.6,-0.749,0.2,-0.767,0.209,-0.692,0.14,-0.64,0.15,-0.631,0.1844,-0.606
7,0.22,-0.663,0.12,-0.651,0.6,-0.794,0.2,-0.758,0.209,-0.706,0.14,-0.678,0.15,-0.596,0.1844,-0.627
39,0.22,-0.697,0.12,-0.594,0.6,-0.746,0.2,-0.716,0.209,-0.656,0.14,-0.632,0.15,-0.649,0.1844,-0.569
22,0.22,-0.684,0.12,-0.663,0.6,-0.776,0.2,-0.749,0.209,-0.671,0.14,-0.653,0.15,-0.629,0.1844,-0.609
17,0.22,-0.668,0.12,-0.618,0.6,-0.772,0.2,-0.751,0.209,-0.691,0.14,-0.661,0.15,-0.617,0.1844,-0.611
20,0.22,-0.688,0.12,-0.658,0.6,-0.791,0.2,-0.759,0.209,-0.68,0.14,-0.663,0.15,-0.652,0.1844,-0.6
18,0.22,-0.674,0.12,-0.629,0.6,-0.765,0.2,-0.753,0.209,-0.696,0.14,-0.65,0.15,-0.617,0.1844,-0.602
37,0.22,-0.7,0.12,-0.581,0.6,-0.746,0.2,-0.716,0.209,-0.664,0.14,-0.626,0.15,-0.654,0.1844,-0.556
0,0.22,-0.631,0.12,-0.568,0.6,-0.763,0.2,-0.776,0.209,-0.683,0.14,-0.625,0.15,-0.562,0.1844,-0.646
20,0.22,-0.68,0.12,-0.644,0.6,-0.78,0.2,-0.745,0.209,-0.684,0.14,-0.662,0.15,-0.628,0.1844,-0.608
16,0.22,-0.668,0.12,-0.62,0.6,-0.774,0.2,-0.758,0.209,-0.692,0.14,-0.682,0.15,-0.612,0.1844,-0.617
7,0.22,-0.656,0.12,-0.653,0.6,-0.795,0.2,-0.761,0.209,-0.704,0.14,-0.676,0.15,-0.594,0.1844,-0.625
17,0.22,-0.674,0.12,-0.627,0.6,-0.772,0.2,-0.752,0.209,-0.699,0.14,-0.655,0.15,-0.619,0.1844,-0.606
19,0.22,-0.678,0.12,-0.64,0.6,-0.775,0.2,-0.746,0.209,-0.685,0.14,-0.66,0.15,-0.622,0.1844,-0.609
32,0.22,-0.699,0.12,-0.554,0.6,-0.766,0.2,-0.722,0.209,-0.687,0.14,-0.633,0.15,-0.64,0.1844,-0.576
29,0.22,-0.696,0.12,-0.523,0.6,-0.762,0.2,-0.746,0.209,-0.688,0.14,-0.618,0.15,-0.633,0.1844,-0.587
6,0.22,-0.648,0.12,-0.659,0.6,-0.785,0.2,-0.774,0.209,-0.701,0.14,-0.659,0.15,-0.587,0.1844,-0.622
14,0.22,-0.674,0.12,-0.634,0.6,-0.765,0.2,-0.767,0.209,-0.717,0.14,-0.666,0.15,-0.601,0.1844,-0.621
36,0.22,-0.696,0.12,-0.583,0.6,-0.752,0.2,-0.731,0.209,-0.666,0.14,-0.631,0.15,-0.644,0.1844,-0.557
7,0.22,-0.661,0.12,-0.651,0.6,-0.795,0.2,-0.758,0.209,-0.706,0.14,-0.678,0.15,-0.596,0.1844,-0.626
36,0.22,-0.696,0.12,-0.578,0.6,-0.752,0.2,-0.73,0.209,-0.664,0.14,-0.631,0.15,-0.645,0.1844,-0.556
5,0.22,-0.646,0.12,-0.66,0.6,-0.781,0.2,-0.775,0.209,-0.702,0.14,-0.658,0.15,-0.587,0.1844,-0.623
26,0.22,-0.681,0.12,-0.593,0.6,-0.749,0.2,-0.749,0.209,-0.691,0.14,-0.648,0.15,-0.642,0.1844,-0.602
16,0.22,-0.67,0.12,-0.619,0.6,-0.773,0.2,-0.757,0.209,-0.693,0.14,-0.67,0.15,-0.616,0.1844,-0.618
6,0.22,-0.651,0.12,-0.656,0.6,-0.792,0.2,-0.767,0.209,-0.703,0.14,-0.67,0.15,-0.592,0.1844,-0.623
20,0.22,-0.685,0.12,-0.651,0.6,-0.784,0.2,-0.749,0.209,-0.683,0.14,-0.664,0.15,-0.637,0.1844,-0.604
4,0.22,-0.647,0.12,-0.662,0.6,-0.783,0.2,-0.776,0.209,-0.708,0.14,-0.671,0.15,-0.588,0.1844,-0.632
22,0.22,-0.684,0.12,-0.665,0.6,-0.774,0.2,-0.753,0.209,-0.673,0.14,-0.649,0.15,-0.63,0.1844,-0.612
36,0.22,-0.696,0.12,-0.581,0.6,-0.75,0.2,-0.729,0.209,-0.665,0.14,-0.633,0.15,-0.645,0.1844,-0.556
39,0.22,-0.697,0.12,-0.593,0.6,-0.746,0.2,-0.716,0.209,-0.656,0.14,-0.633,0.15,-0.649,0.1844,-0.569
35,0.22,-0.692,0.12,-0.585,0.6,-0.744,0.2,-0.726,0.209,-0.671,0.14,-0.634,0.15,-0.641,0.1844,-0.564
35,0.22,-0.692,0.12,-0.579,0.6,-0.744,0.2,-0.724,0.209,-0.672,0.14,-0.634,0.15,-0.641,0.1844,-0.566
9,0.22,-0.658,0.12,-0.626,0.6,-0.779,0.2,-0.762,0.209,-0.717,0.14,-0.686,0.15,-0.615,0.1844,-0.623
8,0.22,-0.667,0.12,-0.645,0.6,-0.785,0.2,-0.76,0.209,-0.709,0.14,-0.68,0.15,-0.601,0.1844,-0.627
9,0.22,-0.655,0.12,-0.621,0.6,-0.779,0.2,-0.763,0.209,-0.72,0.14,-0.686,0.15,-0.615,0.1844,-0.623
28,0.22,-0.698,0.12,-0.571,0.6,-0.757,0.2,-0.756,0.209,-0.677,0.14,-0.638,0.15,-0.623,0.1844,-0.606
37,0.22,-0.702,0.12,-0.578,0.6,-0.747,0.2,-0.719,0.209,-0.663,0.14,-0.629,0.15,-0.652,0.1844,-0.556
0,0.22,-0.612,0.12,-0.556,0.6,-0.751,0.2,-0.745,0.209,-0.667,0.14,-0.603,0.15,-0.549,0.1844,-0.615
1,0.22,-0.656,0.12,-0.616,0.6,-0.767,0.2,-0.802,0.209,-0.686,0.14,-0.656,0.15,-0.582,0.1844,-0.63
10,0.22,-0.663,0.12,-0.643,0.6,-0.777,0.2,-0.755,0.209,-0.71,0.14,-0.678,0.15,-0.611,0.1844,-0.632
11,0.22,-0.665,0.12,-0.648,0.6,-0.775,0.2,-0.757,0.209,-0.715,0.14,-0.678,0.15,-0.609,0.1844,-0.618
12,0.22,-0.663,0.12,-0.651,0.6,-0.773,0.2,-0.753,0.209,-0.734,0.14,-0.68,0.15,-0.598,0.1844,-0.625
6,0.22,-0.648,0.12,-0.657,0.6,-0.786,0.2,-0.771,0.209,-0.701,0.14,-0.66,0.15,-0.585,0.1844,-0.62
31,0.22,-0.699,0.12,-0.529,0.6,-0.76,0.2,-0.727,0.209,-0.683,0.14,-0.624,0.15,-0.639,0.1844,-0.576
2,0.22,-0.662,0.12,-0.635,0.6,-0.771,0.2,-0.794,0.209,-0.682,0.14,-0.68,0.15,-0.591,0.1844,-0.626
27,0.22,-0.687,0.12,-0.604,0.6,-0.742,0.2,-0.747,0.209,-0.679,0.14,-0.647,0.15,-0.63,0.1844,-0.607
29,0.22,-0.696,0.12,-0.529,0.6,-0.763,0.2,-0.748,0.209,-0.69,0.14,-0.618,0.15,-0.635,0.1844,-0.586
16,0.22,-0.672,0.12,-0.616,0.6,-0.772,0.2,-0.758,0.209,-0.693,0.14,-0.669,0.15,-0.618,0.1844,-0.619
22,0.22,-0.686,0.12,-0.665,0.6,-0.768,0.2,-0.758,0.209,-0.68,0.14,-0.649,0.15,-0.628,0.1844,-0.615
4,0.22,-0.647,0.12,-0.653,0.6,-0.783,0.2,-0.779,0.209,-0.695,0.14,-0.672,0.15,-0.58,0.1844,-0.627
9,0.22,-0.656,0.12,-0.62,0.6,-0.779,0.2,-0.764,0.209,-0.72,0.14,-0.686,0.15,-0.614,0.1844,-0.624
38,0.22,-0.698,0.12,-0.585,0.6,-0.744,0.2,-0.712,0.209,-0.658,0.14,-0.623,0.15,-0.65,0.1844,-0.561
28,0.22,-0.696,0.12,-0.619,0.6,-0.757,0.2,-0.762,0.209,-0.676,0.14,-0.641,0.15,-0.621,0.1844,-0.608
19,0.22,-0.671,0.12,-0.63,0.6,-0.762,0.2,-0.751,0.209,-0.687,0.14,-0.651,0.15,-0.606,0.1844,-0.6
27,0.22,-0.685,0.12,-0.6,0.6,-0.739,0.2,-0.746,0.209,-0.68,0.14,-0.651,0.15,-0.636,0.1844,-0.61
6,0.22,-0.649,0.12,-0.657,0.6,-0.786,0.2,-0.77,0.209,-0.701,0.14,-0.662,0.15,-0.586,0.1844,-0.62
1,0.22,-0.649,0.12,-0.599,0.6,-0.76,0.2,-0.79,0.209,-0.686,0.14,-0.64,0.15,-0.57,0.1844,-0.645
24,0.22,-0.676,0.12,-0.645,0.6,-0.751,0.2,-0.765,0.209,-0.692,0.14,-0.641,0.15,-0.63,0.1844,-0.606
19,0.22,-0.675,0.12,-0.636,0.6,-0.769,0.2,-0.747,0.209,-0.684,0.14,-0.657,0.15,-0.616,0.1844,-0.606
21,0.22,-0.682,0.12,-0.66,0.6,-0.782,0.2,-0.748,0.209,-0.68,0.14,-0.656,0.15,-0.639,0.1844,-0.601
21,0.22,-0.684,0.12,-0.656,0.6,-0.785,0.2,-0.752,0.209,-0.677,0.14,-0.66,0.15,-0.643,0.1844,-0.6
30,0.22,-0.696,0.12,-0.527,0.6,-0.762,0.2,-0.749,0.209,-0.69,0.14,-0.619,0.15,-0.636,0.1844,-0.584
26,0.22,-0.682,0.12,-0.594,0.6,-0.749,0.2,-0.747,0.209,-0.69,0.14,-0.648,0.15,-0.641,0.1844,-0.603
25,0.22,-0.678,0.12,-0.615,0.6,-0.746,0.2,-0.765,0.209,-0.69,0.14,-0.637,0.15,-0.632,0.1844,-0.603
8,0.22,-0.662,0.12,-0.621,0.6,-0.785,0.2,-0.766,0.209,-0.722,0.14,-0.69,0.15,-0.615,0.1844,-0.626
39,0.22,-0.702,0.12,-0.599,0.6,-0.751,0.2,-0.718,0.209,-0.658,0.14,-0.633,0.15,-0.652,0.1844,-0.57
7,0.22,-0.655,0.12,-0.653,0.6,-0.794,0.2,-0.761,0.209,-0.703,0.14,-0.675,0.15,-0.593,0.1844,-0.625
32,0.22,-0.697,0.12,-0.56,0.6,-0.765,0.2,-0.717,0.209,-0.681,0.14,-0.635,0.15,-0.64,0.1844,-0.574
38,0.22,-0.699,0.12,-0.582,0.6,-0.743,0.2,-0.711,0.209,-0.659,0.14,-0.622,0.15,-0.653,0.1844,-0.559
19,0.22,-0.672,0.12,-0.631,0.6,-0.764,0.2,-0.749,0.209,-0.684,0.14,-0.653,0.15,-0.611,0.1844,-0.601
27,0.22,-0.692,0.12,-0.613,0.6,-0.746,0.2,-0.756,0.209,-0.676,0.14,-0.646,0.15,-0.626,0.1844,-0.607
19,0.22,-0.676,0.12,-0.637,0.6,-0.77,0.2,-0.747,0.209,-0.684,0.14,-0.659,0.15,-0.618,0.1844,-0.607
10,0.22,-0.663,0.12,-0.645,0.6,-0.777,0.2,-0.755,0.209,-0.709,0.14,-0.679,0.15,-0.611,0.1844,-0.632
13,0.22,-0.676,0.12,-0.627,0.6,-0.763,0.2,-0.752,0.209,-0.717,0.14,-0.671,0.15,-0.602,0.1844,-0.616
6,0.22,-0.649,0.12,-0.657,0.6,-0.787,0.2,-0.769,0.209,-0.701,0.14,-0.663,0.15,-0.587,0.1844,-0.621
36,0.22,-0.698,0.12,-0.591,0.6,-0.749,0.2,-0.728,0.209,-0.663,0.14,-0.633,0.15,-0.646,0.1844,-0.555
2,0.22,-0.665,0.12,-0.64,0.6,-0.776,0.2,-0.785,0.209,-0.681,0.14,-0.689,0.15,-0.59,0.1844,-0.629
0,0.22,-0.445,0.12,-0.409,0.6,-0.556,0.2,-0.531,0.209,-0.479,0.14,-0.44,0.15,-0.357,0.1844,-0.416
2,0.22,-0.667,0.12,-0.643,0.6,-0.783,0.2,-0.78,0.209,-0.686,0.14,-0.7,0.15,-0.589,0.1844,-0.629
39,0.22,-0.704,0.12,-0.601,0.6,-0.753,0.2,-0.719,0.209,-0.659,0.14,-0.634,0.15,-0.652,0.1844,-0.571
33,0.22,-0.692,0.12,-0.565,0.6,-0.76,0.2,-0.712,0.209,-0.673,0.14,-0.642,0.15,-0.645,0.1844,-0.569
14,0.22,-0.681,0.12,-0.631,0.6,-0.763,0.2,-0.754,0.209,-0.711,0.14,-0.667,0.15,-0.605,0.1844,-0.61
4,0.22,-0.648,0.12,-0.652,0.6,-0.783,0.2,-0.779,0.209,-0.693,0.14,-0.675,0.15,-0.581,0.1844,-0.625
28,0.22,-0.699,0.12,-0.517,0.6,-0.756,0.2,-0.749,0.209,-0.68,0.14,-0.636,0.15,-0.622,0.1844,-0.605
22,0.22,-0.68,0.12,-0.663,0.6,-0.779,0.2,-0.744,0.209,-0.671,0.14,-0.657,0.15,-0.63,0.1844,-0.604
19,0.22,-0.673,0.12,-0.634,0.6,-0.766,0.2,-0.748,0.209,-0.684,0.14,-0.654,0.15,-0.614,0.1844,-0.604
25,0.22,-0.687,0.12,-0.612,0.6,-0.752,0.2,-0.756,0.209,-0.691,0.14,-0.643,0.15,-0.641,0.1844,-0.6
4,0.22,-0.645,0.12,-0.658,0.6,-0.782,0.2,-0.776,0.209,-0.701,0.14,-0.672,0.15,-0.583,0.1844,-0.63
18,0.22,-0.673,0.12,-0.632,0.6,-0.765,0.2,-0.755,0.209,-0.698,0.14,-0.65,0.15,-0.616,0.1844,-0.604
20,0.22,-0.683,0.12,-0.648,0.6,-0.782,0.2,-0.749,0.209,-0.683,0.14,-0.663,0.15,-0.633,0.1844,-0.605
4,0.22,-0.646,0.12,-0.658,0.6,-0.783,0.2,-0.776,0.209,-0.705,0.14,-0.672,0.15,-0.585,0.1844,-0.632
8,0.22,-0.662,0.12,-0.628,0.6,-0.785,0.2,-0.762,0.209,-0.717,0.14,-0.681,0.15,-0.607,0.1844,-0.625
21,0.22,-0.679,0.12,-0.661,0.6,-0.781,0.2,-0.747,0.209,-0.68,0.14,-0.656,0.15,-0.638,0.1844,-0.602
27,0.22,-0.69,0.12,-0.609,0.6,-0.743,0.2,-0.751,0.209,-0.677,0.14,-0.646,0.15,-0.626,0.1844,-0.607
3,0.22,-0.654,0.12,-0.649,0.6,-0.783,0.2,-0.778,0.209,-0.693,0.14,-0.688,0.15,-0.58,0.1844,-0.626
9,0.22,-0.659,0.12,-0.62,0.6,-0.782,0.2,-0.766,0.209,-0.722,0.14,-0.689,0.15,-0.615,0.1844,-0.624
13,0.22,-0.672,0.12,-0.624,0.6,-0.764,0.2,-0.749,0.209,-0.722,0.14,-0.672,0.15,-0.599,0.1844,-0.616
5,0.22,-0.647,0.12,-0.66,0.6,-0.782,0.2,-0.775,0.209,-0.702,0.14,-0.659,0.15,-0.586,0.1844,-0.622
6,0.22,-0.65,0.12,-0.656,0.6,-0.79,0.2,-0.767,0.209,-0.702,0.14,-0.667,0.15,-0.59,0.1844,-0.621
21,0.22,-0.685,0.12,-0.653,0.6,-0.788,0.2,-0.757,0.209,-0.68,0.14,-0.663,0.15,-0.647,0.1844,-0.601
28,0.22,-0.7,0.12,-0.543,0.6,-0.757,0.2,-0.753,0.209,-0.678,0.14,-0.637,0.15,-0.623,0.1844,-0.606
33,0.22,-0.683,0.12,-0.567,0.6,-0.754,0.2,-0.713,0.209,-0.668,0.14,-0.644,0.15,-0.641,0.1844,-0.56
15,0.22,-0.672,0.12,-0.633,0.6,-0.766,0.2,-0.765,0.209,-0.714,0.14,-0.667,0.15,-0.601,0.1844,-0.622
19,0.22,-0.679,0.12,-0.642,0.6,-0.778,0.2,-0.745,0.209,-0.684,0.14,-0.662,0.15,-0.625,0.1844,-0.61
33,0.22,-0.694,0.12,-0.554,0.6,-0.765,0.2,-0.712,0.209,-0.678,0.14,-0.636,0.15,-0.644,0.1844,-0.571
10,0.22,-0.657,0.12,-0.63,0.6,-0.777,0.2,-0.76,0.209,-0.715,0.14,-0.679,0.15,-0.614,0.1844,-0.624
0,0.22,-0.641,0.12,-0.574,0.6,-0.769,0.2,-0.789,0.209,-0.687,0.14,-0.631,0.15,-0.569,0.1844,-0.649
9,0.22,-0.658,0.12,-0.62,0.6,-0.779,0.2,-0.765,0.209,-0.721,0.14,-0.689,0.15,-0.616,0.1844,-0.625
10,0.22,-0.664,0.12,-0.639,0.6,-0.778,0.2,-0.757,0.209,-0.713,0.14,-0.678,0.15,-0.612,0.1844,-0.632
18,0.22,-0.673,0.12,-0.63,0.6,-0.763,0.2,-0.754,0.209,-0.694,0.14,-0.649,0.15,-0.611,0.1844,-0.603
37,0.22,-0.701,0.12,-0.577,0.6,-0.748,0.2,-0.723,0.209,-0.661,0.14,-0.63,0.15,-0.647,0.1844,-0.554
10,0.22,-0.657,0.12,-0.629,0.6,-0.778,0.2,-0.761,0.209,-0.716,0.14,-0.681,0.15,-0.614,0.1844,-0.622
4,0.22,-0.648,0.12,-0.657,0.6,-0.783,0.2,-0.778,0.209,-0.699,0.14,-0.672,0.15,-0.582,0.1844,-0.628
2,0.22,-0.667,0.12,-0.643,0.6,-0.784,0.2,-0.78,0.209,-0.687,0.14,-0.701,0.15,-0.589,0.1844,-0.629
14,0.22,-0.674,0.12,-0.634,0.6,-0.764,0.2,-0.767,0.209,-0.717,0.14,-0.666,0.15,-0.601,0.1844,-0.62
23,0.22,-0.673,0.12,-0.643,0.6,-0.758,0.2,-0.753,0.209,-0.689,0.14,-0.641,0.15,-0.631,0.1844,-0.607
1,0.22,-0.646,0.12,-0.593,0.6,-0.763,0.2,-0.787,0.209,-0.687,0.14,-0.636,0.15,-0.572,0.1844,-0.649
18,0.22,-0.674,0.12,-0.628,0.6,-0.765,0.2,-0.752,0.209,-0.697,0.14,-0.652,0.15,-0.618,0.1844,-0.602
37,0.22,-0.701,0.12,-0.571,0.6,-0.746,0.2,-0.723,0.209,-0.661,0.14,-0.63,0.15,-0.648,0.1844,-0.554
20,0.22,-0.68,0.12,-0.643,0.6,-0.779,0.2,-0.745,0.209,-0.685,0.14,-0.663,0.15,-0.627,0.1844,-0.609
37,0.22,-0.7,0.12,-0.582,0.6,-0.745,0.2,-0.715,0.209,-0.663,0.14,-0.624,0.15,-0.654,0.1844,-0.557
20,0.22,-0.681,0.12,-0.645,0.6,-0.781,0.2,-0.746,0.209,-0.683,0.14,-0.662,0.15,-0.631,0.1844,-0.606
21,0.22,-0.688,0.12,-0.659,0.6,-0.791,0.2,-0.76,0.209,-0.68,0.14,-0.663,0.15,-0.652,0.1844,-0.6
32,0.22,-0.702,0.12,-0.548,0.6,-0.764,0.2,-0.726,0.209,-0.692,0.14,-0.632,0.15,-0.636,0.1844,-0.578
39,0.22,-0.697,0.12,-0.592,0.6,-0.746,0.2,-0.718,0.209,-0.656,0.14,-0.633,0.15,-0.65,0.1844,-0.569
10,0.22,-0.661,0.12,-0.638,0.6,-0.779,0.2,-0.759,0.209,-0.714,0.14,-0.681,0.15,-0.616,0.1844,-0.631
7,0.22,-0.659,0.12,-0.652,0.6,-0.795,0.2,-0.758,0.209,-0.706,0.14,-0.678,0.15,-0.596,0.1844,-0.627
24,0.22,-0.676,0.12,-0.646,0.6,-0.748,0.2,-0.768,0.209,-0.692,0.14,-0.639,0.15,-0.631,0.1844,-0.605
0,0.22,-0.645,0.12,-0.581,0.6,-0.769,0.2,-0.793,0.209,-0.685,0.14,-0.631,0.15,-0.57,0.1844,-0.656
8,0.22,-0.662,0.12,-0.627,0.6,-0.785,0.2,-0.762,0.209,-0.718,0.14,-0.682,0.15,-0.609,0.1844,-0.625
26,0.22,-0.683,0.12,-0.595,0.6,-0.748,0.2,-0.747,0.209,-0.689,0.14,-0.651,0.15,-0.64,0.1844,-0.605
10,0.22,-0.656,0.12,-0.628,0.6,-0.778,0.2,-0.761,0.209,-0.716,0.14,-0.682,0.15,-0.614,0.1844,-0.621
35,0.22,-0.695,0.12,-0.6,0.6,-0.753,0.2,-0.732,0.209,-0.667,0.14,-0.632,0.15,-0.645,0.1844,-0.559
23,0.22,-0.676,0.12,-0.643,0.6,-0.758,0.2,-0.758,0.209,-0.688,0.14,-0.642,0.15,-0.631,0.1844,-0.61
34,0.22,-0.682,0.12,-0.553,0.6,-0.749,0.2,-0.698,0.209,-0.666,0.14,-0.643,0.15,-0.639,0.1844,-0.559
13,0.22,-0.668,0.12,-0.625,0.6,-0.766,0.2,-0.749,0.209,-0.725,0.14,-0.675,0.15,-0.598,0.1844,-0.618
0,0.22,-0.616,0.12,-0.561,0.6,-0.753,0.2,-0.756,0.209,-0.671,0.14,-0.612,0.15,-0.554,0.1844,-0.632
5,0.22,-0.644,0.12,-0.664,0.6,-0.779,0.2,-0.773,0.209,-0.707,0.14,-0.667,0.15,-0.586,0.1844,-0.631
22,0.22,-0.684,0.12,-0.663,0.6,-0.776,0.2,-0.749,0.209,-0.671,0.14,-0.654,0.15,-0.63,0.1844,-0.608
1,0.22,-0.649,0.12,-0.607,0.6,-0.763,0.2,-0.79,0.209,-0.683,0.14,-0.648,0.15,-0.571,0.1844,-0.638
18,0.22,-0.674,0.12,-0.628,0.6,-0.765,0.2,-0.752,0.209,-0.697,0.14,-0.651,0.15,-0.617,0.1844,-0.602
12,0.22,-0.665,0.12,-0.648,0.6,-0.774,0.2,-0.756,0.209,-0.716,0.14,-0.678,0.15,-0.608,0.1844,-0.619
3,0.22,-0.655,0.12,-0.647,0.6,-0.783,0.2,-0.778,0.209,-0.692,0.14,-0.69,0.15,-0.582,0.1844,-0.626
38,0.22,-0.696,0.12,-0.595,0.6,-0.744,0.2,-0.717,0.209,-0.657,0.14,-0.631,0.15,-0.651,0.1844,-0.566
14,0.22,-0.675,0.12,-0.632,0.6,-0.762,0.2,-0.759,0.209,-0.705,0.14,-0.664,0.15,-0.6,0.1844,-0.612
11,0.22,-0.665,0.12,-0.646,0.6,-0.775,0.2,-0.756,0.209,-0.713,0.14,-0.677,0.15,-0.607,0.1844,-0.617
8,0.22,-0.662,0.12,-0.626,0.6,-0.785,0.2,-0.763,0.209,-0.718,0.14,-0.683,0.15,-0.61,0.1844,-0.625
4,0.22,-0.647,0.12,-0.663,0.6,-0.783,0.2,-0.776,0.209,-0.71,0.14,-0.671,0.15,-0.589,0.1844,-0.634
22,0.22,-0.687,0.12,-0.666,0.6,-0.767,0.2,-0.759,0.209,-0.681,0.14,-0.647,0.15,-0.628,0.1844,-0.617
9,0.22,-0.656,0.12,-0.623,0.6,-0.78,0.2,-0.763,0.209,-0.718,0.14,-0.686,0.15,-0.614,0.1844,-0.623
26,0.22,-0.684,0.12,-0.597,0.6,-0.742,0.2,-0.747,0.209,-0.684,0.14,-0.646,0.15,-0.639,0.1844,-0.607
31,0.22,-0.705,0.12,-0.535,0.6,-0.763,0.2,-0.726,0.209,-0.686,0.14,-0.628,0.15,-0.641,0.1844,-0.576
28,0.22,-0.698,0.12,-0.565,0.6,-0.757,0.2,-0.755,0.209,-0.678,0.14,-0.637,0.15,-0.623,0.1844,-0.606
12,0.22,-0.663,0.12,-0.647,0.6,-0.772,0.2,-0.754,0.209,-0.72,0.14,-0.675,0.15,-0.604,0.1844,-0.62
36,0.22,-0.699,0.12,-0.596,0.6,-0.75,0.2,-0.728,0.209,-0.663,0.14,-0.634,0.15,-0.648,0.1844,-0.555
17,0.22,-0.672,0.12,-0.616,0.6,-0.772,0.2,-0.757,0.209,-0.693,0.14,-0.668,0.15,-0.62,0.1844,-0.619
25,0.22,-0.683,0.12,-0.604,0.6,-0.746,0.2,-0.763,0.209,-0.689,0.14,-0.637,0.15,-0.632,0.1844,-0.601
15,0.22,-0.673,0.12,-0.625,0.6,-0.773,0.2,-0.763,0.209,-0.702,0.14,-0.685,0.15,-0.605,0.1844,-0.622
32,0.22,-0.699,0.12,-0.55,0.6,-0.765,0.2,-0.723,0.209,-0.69,0.14,-0.632,0.15,-0.638,0.1844,-0.576
35,0.22,-0.692,0.12,-0.583,0.6,-0.743,0.2,-0.726,0.209,-0.671,0.14,-0.634,0.15,-0.641,0.1844,-0.564
39,0.22,-0.702,0.12,-0.598,0.6,-0.751,0.2,-0.718,0.209,-0.658,0.14,-0.633,0.15,-0.651,0.1844,-0.57
33,0.22,-0.691,0.12,-0.567,0.6,-0.759,0.2,-0.711,0.209,-0.672,0.14,-0.642,0.15,-0.645,0.1844,-0.565
6,0.22,-0.649,0.12,-0.657,0.6,-0.787,0.2,-0.77,0.209,-0.7,0.14,-0.662,0.15,-0.586,0.1844,-0.621
4,0.22,-0.647,0.12,-0.652,0.6,-0.782,0.2,-0.779,0.209,-0.695,0.14,-0.672,0.15,-0.58,0.1844,-0.627
39,0.22,-0.706,0.12,-0.604,0.6,-0.756,0.2,-0.719,0.209,-0.661,0.14,-0.634,0.15,-0.652,0.1844,-0.573
6,0.22,-0.648,0.12,-0.66,0.6,-0.784,0.2,-0.775,0.209,-0.702,0.14,-0.658,0.15,-0.587,0.1844,-0.622
3,0.22,-0.662,0.12,-0.646,0.6,-0.785,0.2,-0.778,0.209,-0.688,0.14,-0.698,0.15,-0.588,0.1844,-0.627
13,0.22,-0.675,0.12,-0.627,0.6,-0.763,0.2,-0.752,0.209,-0.717,0.14,-0.671,0.15,-0.603,0.1844,-0.616
11,0.22,-0.664,0.12,-0.647,0.6,-0.775,0.2,-0.754,0.209,-0.711,0.14,-0.679,0.15,-0.612,0.1844,-0.627
31,0.22,-0.71,0.12,-0.546,0.6,-0.763,0.2,-0.728,0.209,-0.691,0.14,-0.632,0.15,-0.635,0.1844,-0.578
32,0.22,-0.698,0.12,-0.555,0.6,-0.766,0.2,-0.72,0.209,-0.685,0.14,-0.635,0.15,-0.641,0.1844,-0.575
19,0.22,-0.672,0.12,-0.631,0.6,-0.764,0.2,-0.75,0.209,-0.685,0.14,-0.652,0.15,-0.609,0.1844,-0.6
34,0.22,-0.688,0.12,-0.557,0.6,-0.746,0.2,-0.714,0.209,-0.67,0.14,-0.641,0.15,-0.64,0.1844,-0.565
35,0.22,-0.693,0.12,-0.59,0.6,-0.746,0.2,-0.725,0.209,-0.67,0.14,-0.631,0.15,-0.641,0.1844,-0.562
22,0.22,-0.686,0.12,-0.664,0.6,-0.77,0.2,-0.755,0.209,-0.675,0.14,-0.647,0.15,-0.628,0.1844,-0.616
9,0.22,-0.657,0.12,-0.625,0.6,-0.779,0.2,-0.763,0.209,-0.718,0.14,-0.686,0.15,-0.615,0.1844,-0.623
20,0.22,-0.685,0.12,-0.654,0.6,-0.785,0.2,-0.752,0.209,-0.682,0.14,-0.662,0.15,-0.645,0.1844,-0.603
12,0.22,-0.664,0.12,-0.646,0.6,-0.773,0.2,-0.755,0.209,-0.717,0.14,-0.678,0.15,-0.607,0.1844,-0.62
8,0.22,-0.664,0.12,-0.635,0.6,-0.783,0.2,-0.761,0.209,-0.711,0.14,-0.676,0.15,-0.604,0.1844,-0.625
18,0.22,-0.675,0.12,-0.629,0.6,-0.771,0.2,-0.753,0.209,-0.702,0.14,-0.654,0.15,-0.62,0.1844,-0.603
2,0.22,-0.662,0.12,-0.633,0.6,-0.771,0.2,-0.796,0.209,-0.681,0.14,-0.679,0.15,-0.591,0.1844,-0.628
25,0.22,-0.684,0.12,-0.604,0.6,-0.746,0.2,-0.762,0.209,-0.688,0.14,-0.638,0.15,-0.632,0.1844,-0.6
20,0.22,-0.685,0.12,-0.652,0.6,-0.785,0.2,-0.749,0.209,-0.683,0.14,-0.665,0.15,-0.639,0.1844,-0.604
2,0.22,-0.665,0.12,-0.632,0.6,-0.773,0.2,-0.81,0.209,-0.687,0.14,-0.664,0.15,-0.599,0.1844,-0.634
23,0.22,-0.684,0.12,-0.634,0.6,-0.761,0.2,-0.758,0.209,-0.683,0.14,-0.642,0.15,-0.629,0.1844,-0.613
16,0.22,-0.671,0.12,-0.617,0.6,-0.772,0.2,-0.759,0.209,-0.693,0.14,-0.67,0.15,-0.618,0.1844,-0.618
6,0.22,-0.65,0.12,-0.655,0.6,-0.789,0.2,-0.767,0.209,-0.701,0.14,-0.667,0.15,-0.588,0.1844,-0.621
0,0.22,-0.623,0.12,-0.565,0.6,-0.759,0.2,-0.767,0.209,-0.677,0.14,-0.62,0.15,-0.559,0.1844,-0.641
16,0.22,-0.668,0.12,-0.622,0.6,-0.774,0.2,-0.758,0.209,-0.693,0.14,-0.681,0.15,-0.613,0.1844,-0.617
9,0.22,-0.657,0.12,-0.624,0.6,-0.779,0.2,-0.764,0.209,-0.718,0.14,-0.686,0.15,-0.615,0.1844,-0.623
17,0.22,-0.675,0.12,-0.628,0.6,-0.773,0.2,-0.752,0.209,-0.703,0.14,-0.654,0.15,-0.622,0.1844,-0.604
1,0.22,-0.657,0.12,-0.617,0.6,-0.767,0.2,-0.803,0.209,-0.687,0.14,-0.658,0.15,-0.583,0.1844,-0.631
26,0.22,-0.687,0.12,-0.615,0.6,-0.753,0.2,-0.758,0.209,-0.692,0.14,-0.645,0.15,-0.643,0.1844,-0.599
34,0.22,-0.685,0.12,-0.551,0.6,-0.748,0.2,-0.705,0.209,-0.669,0.14,-0.642,0.15,-0.64,0.1844,-0.562
35,0.22,-0.692,0.12,-0.589,0.6,-0.745,0.2,-0.725,0.209,-0.67,0.14,-0.632,0.15,-0.642,0.1844,-0.563
21,0.22,-0.685,0.12,-0.654,0.6,-0.786,0.2,-0.755,0.209,-0.678,0.14,-0.664,0.15,-0.645,0.1844,-0.601
23,0.22,-0.682,0.12,-0.641,0.6,-0.759,0.2,-0.762,0.209,-0.687,0.14,-0.642,0.15,-0.631,0.1844,-0.613
6,0.22,-0.648,0.12,-0.659,0.6,-0.786,0.2,-0.773,0.209,-0.701,0.14,-0.658,0.15,-0.586,0.1844,-0.622
9,0.22,-0.656,0.12,-0.62,0.6,-0.78,0.2,-0.765,0.209,-0.721,0.14,-0.688,0.15,-0.615,0.1844,-0.625
16,0.22,-0.672,0.12,-0.622,0.6,-0.773,0.2,-0.76,0.209,-0.694,0.14,-0.684,0.15,-0.61,0.1844,-0.619
38,0.22,-0.697,0.12,-0.589,0.6,-0.743,0.2,-0.715,0.209,-0.657,0.14,-0.627,0.15,-0.649,0.1844,-0.564
24,0.22,-0.672,0.12,-0.643,0.6,-0.751,0.2,-0.754,0.209,-0.687,0.14,-0.641,0.15,-0.631,0.1844,-0.607
37,0.22,-0.7,0.12,-0.583,0.6,-0.743,0.2,-0.712,0.209,-0.662,0.14,-0.622,0.15,-0.653,0.1844,-0.557
18,0.22,-0.673,0.12,-0.629,0.6,-0.769,0.2,-0.753,0.209,-0.7,0.14,-0.654,0.15,-0.62,0.1844,-0.602
10,0.22,-0.657,0.12,-0.627,0.6,-0.78,0.2,-0.761,0.209,-0.716,0.14,-0.683,0.15,-0.615,0.1844,-0.622
34,0.22,-0.694,0.12,-0.572,0.6,-0.745,0.2,-0.724,0.209,-0.673,0.14,-0.638,0.15,-0.641,0.1844,-0.571
29,0.22,-0.698,0.12,-0.49,0.6,-0.759,0.2,-0.744,0.209,-0.682,0.14,-0.629,0.15,-0.624,0.1844,-0.604
3,0.22,-0.65,0.12,-0.652,0.6,-0.782,0.2,-0.776,0.209,-0.691,0.14,-0.679,0.15,-0.58,0.1844,-0.625
30,0.22,-0.695,0.12,-0.515,0.6,-0.763,0.2,-0.74,0.209,-0.686,0.14,-0.616,0.15,-0.633,0.1844,-0.582
17,0.22,-0.671,0.12,-0.616,0.6,-0.773,0.2,-0.753,0.209,-0.693,0.14,-0.664,0.15,-0.619,0.1844,-0.615
20,0.22,-0.68,0.12,-0.644,0.6,-0.78,0.2,-0.744,0.209,-0.684,0.14,-0.663,0.15,-0.628,0.1844,-0.609
30,0.22,-0.696,0.12,-0.523,0.6,-0.763,0.2,-0.734,0.209,-0.686,0.14,-0.621,0.15,-0.635,0.1844,-0.583
39,0.22,-0.706,0.12,-0.604,0.6,-0.757,0.2,-0.719,0.209,-0.661,0.14,-0.634,0.15,-0.652,0.1844,-0.573
24,0.22,-0.674,0.12,-0.643,0.6,-0.751,0.2,-0.761,0.209,-0.69,0.14,-0.641,0.15,-0.63,0.1844,-0.608
39,0.22,-0.699,0.12,-0.596,0.6,-0.749,0.2,-0.716,0.209,-0.657,0.14,-0.632,0.15,-0.65,0.1844,-0.57
11,0.22,-0.664,0.12,-0.647,0.6,-0.774,0.2,-0.753,0.209,-0.711,0.14,-0.681,0.15,-0.61,0.1844,-0.629
3,0.22,-0.665,0.12,-0.645,0.6,-0.785,0.2,-0.778,0.209,-0.688,0.14,-0.7,0.15,-0.588,0.1844,-0.627
0,0.22,-0.602,0.12,-0.553,0.6,-0.747,0.2,-0.741,0.209,-0.662,0.14,-0.599,0.15,-0.546,0.1844,-0.615
29,0.22,-0.697,0.12,-0.524,0.6,-0.762,0.2,-0.747,0.209,-0.688,0.14,-0.618,0.15,-0.633,0.1844,-0.587
11,0.22,-0.664,0.12,-0.646,0.6,-0.773,0.2,-0.753,0.209,-0.711,0.14,-0.68,0.15,-0.61,0.1844,-0.63
14,0.22,-0.676,0.12,-0.63,0.6,-0.761,0.2,-0.757,0.209,-0.705,0.14,-0.664,0.15,-0.601,0.1844,-0.611
14,0.22,-0.674,0.12,-0.633,0.6,-0.762,0.2,-0.761,0.209,-0.71,0.14,-0.663,0.15,-0.6,0.1844,-0.614
32,0.22,-0.697,0.12,-0.56,0.6,-0.765,0.2,-0.718,0.209,-0.681,0.14,-0.635,0.15,-0.64,0.1844,-0.574
7,0.22,-0.665,0.12,-0.651,0.6,-0.793,0.2,-0.759,0.209,-0.707,0.14,-0.679,0.15,-0.597,0.1844,-0.626
28,0.22,-0.697,0.12,-0.594,0.6,-0.759,0.2,-0.759,0.209,-0.677,0.14,-0.638,0.15,-0.622,0.1844,-0.606
0,0.22,-0.643,0.12,-0.583,0.6,-0.768,0.2,-0.787,0.209,-0.688,0.14,-0.627,0.15,-0.57,0.1844,-0.66
20,0.22,-0.685,0.12,-0.653,0.6,-0.785,0.2,-0.752,0.209,-0.682,0.14,-0.662,0.15,-0.643,0.1844,-0.603
36,0.22,-0.697,0.12,-0.58,0.6,-0.751,0.2,-0.729,0.209,-0.664,0.14,-0.632,0.15,-0.645,0.1844,-0.555
32,0.22,-0.696,0.12,-0.565,0.6,-0.767,0.2,-0.714,0.209,-0.68,0.14,-0.637,0.15,-0.645,0.1844,-0.572
22,0.22,-0.683,0.12,-0.664,0.6,-0.775,0.2,-0.75,0.209,-0.672,0.14,-0.651,0.15,-0.629,0.1844,-0.61
27,0.22,-0.692,0.12,-0.614,0.6,-0.747,0.2,-0.756,0.209,-0.676,0.14,-0.645,0.15,-0.625,0.1844,-0.606
17,0.22,-0.67,0.12,-0.623,0.6,-0.772,0.2,-0.751,0.209,-0.693,0.14,-0.658,0.15,-0.618,0.1844,-0.608
3,0.22,-0.656,0.12,-0.648,0.6,-0.782,0.2,-0.776,0.209,-0.692,0.14,-0.69,0.15,-0.585,0.1844,-0.626
35,0.22,-0.694,0.12,-0.595,0.6,-0.751,0.2,-0.731,0.209,-0.668,0.14,-0.631,0.15,-0.644,0.1844,-0.56
5,0.22,-0.647,0.12,-0.661,0.6,-0.782,0.2,-0.775,0.209,-0.702,0.14,-0.658,0.15,-0.586,0.1844,-0.621
38,0.22,-0.699,0.12,-0.583,0.6,-0.744,0.2,-0.711,0.209,-0.658,0.14,-0.623,0.15,-0.653,0.1844,-0.56
14,0.22,-0.674,0.12,-0.634,0.6,-0.764,0.2,-0.766,0.209,-0.716,0.14,-0.666,0.15,-0.601,0.1844,-0.619
30,0.22,-0.697,0.12,-0.533,0.6,-0.761,0.2,-0.732,0.209,-0.684,0.14,-0.62,0.15,-0.639,0.1844,-0.583
21,0.22,-0.679,0.12,-0.662,0.6,-0.78,0.2,-0.744,0.209,-0.677,0.14,-0.658,0.15,-0.631,0.1844,-0.604
35,0.22,-0.692,0.12,-0.588,0.6,-0.745,0.2,-0.726,0.209,-0.67,0.14,-0.633,0.15,-0.642,0.1844,-0.564
31,0.22,-0.702,0.12,-0.532,0.6,-0.762,0.2,-0.727,0.209,-0.686,0.14,-0.627,0.15,-0.64,0.1844,-0.577
9,0.22,-0.658,0.12,-0.625,0.6,-0.779,0.2,-0.763,0.209,-0.718,0.14,-0.686,0.15,-0.614,0.1844,-0.623
12,0.22,-0.662,0.12,-0.647,0.6,-0.77,0.2,-0.753,0.209,-0.723,0.14,-0.674,0.15,-0.604,0.1844,-0.621
16,0.22,-0.673,0.12,-0.622,0.6,-0.774,0.2,-0.761,0.209,-0.695,0.14,-0.685,0.15,-0.609,0.1844,-0.62
21,0.22,-0.68,0.12,-0.661,0.6,-0.782,0.2,-0.747,0.209,-0.68,0.14,-0.656,0.15,-0.638,0.1844,-0.602
24,0.22,-0.675,0.12,-0.644,0.6,-0.751,0.2,-0.762,0.209,-0.691,0.14,-0.641,0.15,-0.629,0.1844,-0.607
18,0.22,-0.673,0.12,-0.63,0.6,-0.765,0.2,-0.753,0.209,-0.697,0.14,-0.649,0.15,-0.617,0.1844,-0.603
34,0.22,-0.69,0.12,-0.562,0.6,-0.746,0.2,-0.719,0.209,-0.671,0.14,-0.641,0.15,-0.64,0.1844,-0.566
6,0.22,-0.65,0.12,-0.656,0.6,-0.79,0.2,-0.767,0.209,-0.701,0.14,-0.667,0.15,-0.589,0.1844,-0.621
16,0.22,-0.67,0.12,-0.62,0.6,-0.773,0.2,-0.759,0.209,-0.693,0.14,-0.682,0.15,-0.612,0.1844,-0.619
20,0.22,-0.684,0.12,-0.653,0.6,-0.785,0.2,-0.751,0.209,-0.682,0.14,-0.663,0.15,-0.642,0.1844,-0.603
24,0.22,-0.671,0.12,-0.642,0.6,-0.751,0.2,-0.755,0.209,-0.687,0.14,-0.641,0.15,-0.631,0.1844,-0.607
10,0.22,-0.663,0.12,-0.642,0.6,-0.777,0.2,-0.755,0.209,-0.71,0.14,-0.678,0.15,-0.611,0.1844,-0.632
25,0.22,-0.687,0.12,-0.611,0.6,-0.751,0.2,-0.756,0.209,-0.691,0.14,-0.643,0.15,-0.642,0.1844,-0.601
38,0.22,-0.697,0.12,-0.587,0.6,-0.745,0.2,-0.712,0.209,-0.658,0.14,-0.624,0.15,-0.649,0.1844,-0.562
29,0.22,-0.696,0.12,-0.521,0.6,-0.762,0.2,-0.746,0.209,-0.687,0.14,-0.619,0.15,-0.632,0.1844,-0.588
26,0.22,-0.683,0.12,-0.595,0.6,-0.748,0.2,-0.747,0.209,-0.69,0.14,-0.65,0.15,-0.641,0.1844,-0.605
13,0.22,-0.679,0.12,-0.629,0.6,-0.763,0.2,-0.753,0.209,-0.713,0.14,-0.667,0.15,-0.603,0.1844,-0.611
25,0.22,-0.688,0.12,-0.613,0.6,-0.752,0.2,-0.757,0.209,-0.692,0.14,-0.643,0.15,-0.643,0.1844,-0.599
5,0.22,-0.647,0.12,-0.664,0.6,-0.782,0.2,-0.775,0.209,-0.71,0.14,-0.67,0.15,-0.589,0.1844,-0.634
35,0.22,-0.695,0.12,-0.596,0.6,-0.752,0.2,-0.731,0.209,-0.668,0.14,-0.631,0.15,-0.644,0.1844,-0.559
5,0.22,-0.646,0.12,-0.66,0.6,-0.781,0.2,-0.775,0.209,-0.702,0.14,-0.658,0.15,-0.586,0.1844,-0.622
38,0.22,-0.697,0.12,-0.591,0.6,-0.743,0.2,-0.715,0.209,-0.658,0.14,-0.629,0.15,-0.649,0.1844,-0.565
17,0.22,-0.669,0.12,-0.617,0.6,-0.772,0.2,-0.751,0.209,-0.691,0.14,-0.662,0.15,-0.618,0.1844,-0.612
38,0.22,-0.698,0.12,-0.585,0.6,-0.745,0.2,-0.713,0.209,-0.658,0.14,-0.623,0.15,-0.65,0.1844,-0.561
17,0.22,-0.669,0.12,-0.622,0.6,-0.772,0.2,-0.751,0.209,-0.692,0.14,-0.658,0.15,-0.617,0.1844,-0.609
33,0.22,-0.689,0.12,-0.566,0.6,-0.758,0.2,-0.712,0.209,-0.67,0.14,-0.643,0.15,-0.646,0.1844,-0.565
28,0.22,-0.7,0.12,-0.532,0.6,-0.756,0.2,-0.752,0.209,-0.679,0.14,-0.636,0.15,-0.623,0.1844,-0.605
37,0.22,-0.702,0.12,-0.576,0.6,-0.747,0.2,-0.72,0.209,-0.662,0.14,-0.629,0.15,-0.651,0.1844,-0.555
36,0.22,-0.7,0.12,-0.599,0.6,-0.75,0.2,-0.729,0.209,-0.663,0.14,-0.634,0.15,-0.648,0.1844,-0.556
37,0.22,-0.7,0.12,-0.58,0.6,-0.746,0.2,-0.718,0.209,-0.664,0.14,-0.627,0.15,-0.654,0.1844,-0.557
38,0.22,-0.697,0.12,-0.589,0.6,-0.745,0.2,-0.713,0.209,-0.658,0.14,-0.626,0.15,-0.649,0.1844,-0.562
5,0.22,-0.645,0.12,-0.663,0.6,-0.782,0.2,-0.773,0.209,-0.706,0.14,-0.665,0.15,-0.587,0.1844,-0.629
7,0.22,-0.653,0.12,-0.653,0.6,-0.794,0.2,-0.762,0.209,-0.703,0.14,-0.674,0.15,-0.593,0.1844,-0.624
17,0.22,-0.668,0.12,-0.62,0.6,-0.773,0.2,-0.751,0.209,-0.691,0.14,-0.66,0.15,-0.617,0.1844,-0.61
30,0.22,-0.696,0.12,-0.527,0.6,-0.762,0.2,-0.733,0.209,-0.686,0.14,-0.622,0.15,-0.636,0.1844,-0.583
34,0.22,-0.694,0.12,-0.571,0.6,-0.746,0.2,-0.722,0.209,-0.674,0.14,-0.639,0.15,-0.642,0.1844,-0.57
0,0.22,-0.626,0.12,-0.566,0.6,-0.762,0.2,-0.772,0.209,-0.68,0.14,-0.623,0.15,-0.56,0.1844,-0.644
2,0.22,-0.667,0.12,-0.643,0.6,-0.782,0.2,-0.781,0.209,-0.685,0.14,-0.7,0.15,-0.589,0.1844,-0.629
9,0.22,-0.656,0.12,-0.623,0.6,-0.78,0.2,-0.763,0.209,-0.718,0.14,-0.686,0.15,-0.614,0.1844,-0.623
14,0.22,-0.676,0.12,-0.631,0.6,-0.761,0.2,-0.758,0.209,-0.705,0.14,-0.664,0.15,-0.6,0.1844,-0.611
23,0.22,-0.674,0.12,-0.643,0.6,-0.758,0.2,-0.757,0.209,-0.688,0.14,-0.642,0.15,-0.629,0.1844,-0.609
30,0.22,-0.698,0.12,-0.531,0.6,-0.762,0.2,-0.733,0.209,-0.686,0.14,-0.622,0.15,-0.638,0.1844,-0.583
23,0.22,-0.682,0.12,-0.638,0.6,-0.76,0.2,-0.76,0.209,-0.685,0.14,-0.643,0.15,-0.63,0.1844,-0.613
26,0.22,-0.686,0.12,-0.597,0.6,-0.75,0.2,-0.754,0.209,-0.69,0.14,-0.646,0.15,-0.642,0.1844,-0.601
18,0.22,-0.675,0.12,-0.629,0.6,-0.774,0.2,-0.752,0.209,-0.704,0.14,-0.654,0.15,-0.622,0.1844,-0.604
8,0.22,-0.662,0.12,-0.625,0.6,-0.785,0.2,-0.763,0.209,-0.72,0.14,-0.686,0.15,-0.611,0.1844,-0.626
33,0.22,-0.682,0.12,-0.569,0.6,-0.751,0.2,-0.712,0.209,-0.667,0.14,-0.645,0.15,-0.64,0.1844,-0.559
7,0.22,-0.658,0.12,-0.653,0.6,-0.795,0.2,-0.759,0.209,-0.705,0.14,-0.677,0.15,-0.595,0.1844,-0.626
23,0.22,-0.678,0.12,-0.642,0.6,-0.759,0.2,-0.759,0.209,-0.688,0.14,-0.642,0.15,-0.631,0.1844,-0.61
0,0.22,-0.494,0.12,-0.435,0.6,-0.64,0.2,-0.614,0.209,-0.566,0.14,-0.502,0.15,-0.433,0.1844,-0.491
12,0.22,-0.662,0.12,-0.649,0.6,-0.772,0.2,-0.753,0.209,-0.732,0.14,-0.678,0.15,-0.599,0.1844,-0.622
36,0.22,-0.698,0.12,-0.593,0.6,-0.75,0.2,-0.728,0.209,-0.663,0.14,-0.633,0.15,-0.647,0.1844,-0.555
8,0.22,-0.665,0.12,-0.64,0.6,-0.785,0.2,-0.761,0.209,-0.71,0.14,-0.682,0.15,-0.604,0.1844,-0.626
32,0.22,-0.696,0.12,-0.563,0.6,-0.766,0.2,-0.715,0.209,-0.681,0.14,-0.637,0.15,-0.643,0.1844,-0.573
11,0.22,-0.664,0.12,-0.648,0.6,-0.775,0.2,-0.754,0.209,-0.711,0.14,-0.68,0.15,-0.611,0.1844,-0.628
24,0.22,-0.674,0.12,-0.643,0.6,-0.758,0.2,-0.754,0.209,-0.689,0.14,-0.642,0.15,-0.631,0.1844,-0.608
6,0.22,-0.652,0.12,-0.657,0.6,-0.793,0.2,-0.767,0.209,-0.703,0.14,-0.671,0.15,-0.593,0.1844,-0.623
25,0.22,-0.681,0.12,-0.604,0.6,-0.746,0.2,-0.764,0.209,-0.689,0.14,-0.637,0.15,-0.633,0.1844,-0.602
9,0.22,-0.657,0.12,-0.625,0.6,-0.779,0.2,-0.763,0.209,-0.718,0.14,-0.686,0.15,-0.615,0.1844,-0.623
17,0.22,-0.675,0.12,-0.627,0.6,-0.772,0.2,-0.752,0.209,-0.701,0.14,-0.655,0.15,-0.621,0.1844,-0.605
7,0.22,-0.659,0.12,-0.652,0.6,-0.796,0.2,-0.758,0.209,-0.706,0.14,-0.678,0.15,-0.596,0.1844,-0.627
36,0.22,-0.695,0.12,-0.585,0.6,-0.749,0.2,-0.728,0.209,-0.664,0.14,-0.632,0.15,-0.645,0.1844,-0.556
23,0.22,-0.684,0.12,-0.632,0.6,-0.762,0.2,-0.758,0.209,-0.682,0.14,-0.643,0.15,-0.629,0.1844,-0.613
25,0.22,-0.686,0.12,-0.606,0.6,-0.748,0.2,-0.756,0.209,-0.689,0.14,-0.64,0.15,-0.637,0.1844,-0.6
16,0.22,-0.668,0.12,-0.622,0.6,-0.774,0.2,-0.757,0.209,-0.693,0.14,-0.68,0.15,-0.615,0.1844,-0.618
6,0.22,-0.651,0.12,-0.656,0.6,-0.791,0.2,-0.767,0.209,-0.702,0.14,-0.669,0.15,-0.591,0.1844,-0.622
8,0.22,-0.664,0.12,-0.633,0.6,-0.782,0.2,-0.762,0.209,-0.713,0.14,-0.677,0.15,-0.604,0.1844,-0.625
28,0.22,-0.701,0.12,-0.511,0.6,-0.758,0.2,-0.745,0.209,-0.681,0.14,-0.634,0.15,-0.624,0.1844,-0.608
10,0.22,-0.663,0.12,-0.641,0.6,-0.778,0.2,-0.755,0.209,-0.711,0.14,-0.678,0.15,-0.611,0.1844,-0.631
33,0.22,-0.687,0.12,-0.567,0.6,-0.755,0.2,-0.713,0.209,-0.67,0.14,-0.643,0.15,-0.645,0.1844,-0.562
19,0.22,-0.671,0.12,-0.631,0.6,-0.763,0.2,-0.75,0.209,-0.685,0.14,-0.651,0.15,-0.608,0.1844,-0.6
3,0.22,-0.656,0.12,-0.647,0.6,-0.783,0.2,-0.777,0.209,-0.692,0.14,-0.69,0.15,-0.583,0.1844,-0.626
11,0.22,-0.664,0.12,-0.645,0.6,-0.776,0.2,-0.754,0.209,-0.71,0.14,-0.678,0.15,-0.608,0.1844,-0.623
37,0.22,-0.702,0.12,-0.584,0.6,-0.745,0.2,-0.712,0.209,-0.663,0.14,-0.622,0.15,-0.655,0.1844,-0.557
30,0.22,-0.696,0.12,-0.535,0.6,-0.76,0.2,-0.73,0.209,-0.683,0.14,-0.62,0.15,-0.64,0.1844,-0.583
25,0.22,-0.688,0.12,-0.612,0.6,-0.752,0.2,-0.757,0.209,-0.692,0.14,-0.643,0.15,-0.641,0.1844,-0.6
32,0.22,-0.696,0.12,-0.561,0.6,-0.766,0.2,-0.716,0.209,-0.681,0.14,-0.635,0.15,-0.642,0.1844,-0.573
27,0.22,-0.687,0.12,-0.602,0.6,-0.741,0.2,-0.747,0.209,-0.679,0.14,-0.648,0.15,-0.632,0.1844,-0.607
26,0.22,-0.683,0.12,-0.598,0.6,-0.74,0.2,-0.748,0.209,-0.681,0.14,-0.65,0.15,-0.637,0.1844,-0.61
11,0.22,-0.664,0.12,-0.645,0.6,-0.776,0.2,-0.754,0.209,-0.71,0.14,-0.678,0.15,-0.609,0.1844,-0.624
5,0.22,-0.645,0.12,-0.663,0.6,-0.782,0.2,-0.773,0.209,-0.705,0.14,-0.665,0.15,-0.588,0.1844,-0.629
29,0.22,-0.701,0.12,-0.515,0.6,-0.759,0.2,-0.744,0.209,-0.681,0.14,-0.634,0.15,-0.625,0.1844,-0.609
17,0.22,-0.671,0.12,-0.616,0.6,-0.772,0.2,-0.754,0.209,-0.692,0.14,-0.666,0.15,-0.619,0.1844,-0.616
15,0.22,-0.673,0.12,-0.632,0.6,-0.767,0.2,-0.764,0.209,-0.711,0.14,-0.669,0.15,-0.602,0.1844,-0.621
37,0.22,-0.702,0.12,-0.579,0.6,-0.747,0.2,-0.719,0.209,-0.663,0.14,-0.629,0.15,-0.652,0.1844,-0.556
15,0.22,-0.673,0.12,-0.625,0.6,-0.773,0.2,-0.763,0.209,-0.702,0.14,-0.684,0.15,-0.605,0.1844,-0.621
35,0.22,-0.693,0.12,-0.578,0.6,-0.744,0.2,-0.724,0.209,-0.673,0.14,-0.635,0.15,-0.641,0.1844,-0.568
31,0.22,-0.706,0.12,-0.539,0.6,-0.765,0.2,-0.727,0.209,-0.687,0.14,-0.629,0.15,-0.64,0.1844,-0.578
14,0.22,-0.678,0.12,-0.629,0.6,-0.762,0.2,-0.756,0.209,-0.705,0.14,-0.668,0.15,-0.601,0.1844,-0.609
30,0.22,-0.698,0.12,-0.534,0.6,-0.762,0.2,-0.732,0.209,-0.685,0.14,-0.622,0.15,-0.639,0.1844,-0.583
14,0.22,-0.677,0.12,-0.629,0.6,-0.761,0.2,-0.756,0.209,-0.705,0.14,-0.666,0.15,-0.601,0.1844,-0.61
2,0.22,-0.665,0.12,-0.637,0.6,-0.774,0.2,-0.787,0.209,-0.683,0.14,-0.687,0.15,-0.592,0.1844,-0.628
37,0.22,-0.699,0.12,-0.583,0.6,-0.744,0.2,-0.713,0.209,-0.662,0.14,-0.622,0.15,-0.654,0.1844,-0.556
38,0.22,-0.697,0.12,-0.589,0.6,-0.745,0.2,-0.714,0.209,-0.657,0.14,-0.627,0.15,-0.649,0.1844,-0.564
23,0.22,-0.683,0.12,-0.636,0.6,-0.76,0.2,-0.757,0.209,-0.683,0.14,-0.642,0.15,-0.63,0.1844,-0.614
25,0.22,-0.68,0.12,-0.603,0.6,-0.746,0.2,-0.764,0.209,-0.688,0.14,-0.636,0.15,-0.633,0.1844,-0.602
15,0.22,-0.672,0.12,-0.634,0.6,-0.766,0.2,-0.766,0.209,-0.715,0.14,-0.667,0.15,-0.601,0.1844,-0.623
21,0.22,-0.686,0.12,-0.655,0.6,-0.786,0.2,-0.754,0.209,-0.677,0.14,-0.663,0.15,-0.644,0.1844,-0.601
21,0.22,-0.677,0.12,-0.661,0.6,-0.78,0.2,-0.746,0.209,-0.679,0.14,-0.656,0.15,-0.636,0.1844,-0.602
31,0.22,-0.709,0.12,-0.544,0.6,-0.766,0.2,-0.727,0.209,-0.69,0.14,-0.631,0.15,-0.638,0.1844,-0.578
33,0.22,-0.694,0.12,-0.558,0.6,-0.763,0.2,-0.711,0.209,-0.675,0.14,-0.638,0.15,-0.645,0.1844,-0.57
24,0.22,-0.676,0.12,-0.646,0.6,-0.748,0.2,-0.767,0.209,-0.692,0.14,-0.639,0.15,-0.631,0.1844,-0.605
13,0.22,-0.672,0.12,-0.626,0.6,-0.763,0.2,-0.751,0.209,-0.719,0.14,-0.67,0.15,-0.602,0.1844,-0.616
28,0.22,-0.697,0.12,-0.612,0.6,-0.758,0.2,-0.761,0.209,-0.676,0.14,-0.639,0.15,-0.621,0.1844,-0.607
37,0.22,-0.701,0.12,-0.572,0.6,-0.746,0.2,-0.722,0.209,-0.661,0.14,-0.63,0.15,-0.649,0.1844,-0.554
38,0.22,-0.696,0.12,-0.596,0.6,-0.745,0.2,-0.718,0.209,-0.657,0.14,-0.632,0.15,-0.65,0.1844,-0.567
26,0.22,-0.683,0.12,-0.595,0.6,-0.749,0.2,-0.747,0.209,-0.691,0.14,-0.65,0.15,-0.641,0.1844,-0.605
29,0.22,-0.697,0.12,-0.485,0.6,-0.76,0.2,-0.743,0.209,-0.682,0.14,-0.628,0.15,-0.625,0.1844,-0.604
15,0.22,-0.674,0.12,-0.624,0.6,-0.775,0.2,-0.763,0.209,-0.7,0.14,-0.688,0.15,-0.607,0.1844,-0.622
0,0.22,-0.556,0.12,-0.515,0.6,-0.693,0.2,-0.693,0.209,-0.626,0.14,-0.555,0.15,-0.486,0.1844,-0.545
28,0.22,-0.698,0.12,-0.577,0.6,-0.758,0.2,-0.757,0.209,-0.677,0.14,-0.638,0.15,-0.623,0.1844,-0.606
35,0.22,-0.695,0.12,-0.592,0.6,-0.749,0.2,-0.73,0.209,-0.669,0.14,-0.631,0.15,-0.643,0.1844,-0.56
17,0.22,-0.668,0.12,-0.621,0.6,-0.772,0.2,-0.75,0.209,-0.691,0.14,-0.659,0.15,-0.617,0.1844,-0.61
16,0.22,-0.669,0.12,-0.62,0.6,-0.773,0.2,-0.757,0.209,-0.693,0.14,-0.676,0.15,-0.615,0.1844,-0.618
16,0.22,-0.669,0.12,-0.619,0.6,-0.773,0.2,-0.757,0.209,-0.693,0.14,-0.674,0.15,-0.616,0.1844,-0.617
21,0.22,-0.679,0.12,-0.662,0.6,-0.779,0.2,-0.744,0.209,-0.678,0.14,-0.658,0.15,-0.63,0.1844,-0.604
11,0.22,-0.664,0.12,-0.646,0.6,-0.773,0.2,-0.753,0.209,-0.71,0.14,-0.68,0.15,-0.61,0.1844,-0.63
37,0.22,-0.702,0.12,-0.573,0.6,-0.746,0.2,-0.721,0.209,-0.662,0.14,-0.63,0.15,-0.65,0.1844,-0.555
37,0.22,-0.702,0.12,-0.574,0.6,-0.746,0.2,-0.721,0.209,-0.662,0.14,-0.63,0.15,-0.65,0.1844,-0.555
11,0.22,-0.664,0.12,-0.647,0.6,-0.776,0.2,-0.754,0.209,-0.71,0.14,-0.679,0.15,-0.61,0.1844,-0.627
31,0.22,-0.71,0.12,-0.547,0.6,-0.764,0.2,-0.728,0.209,-0.691,0.14,-0.632,0.15,-0.635,0.1844,-0.578
23,0.22,-0.683,0.12,-0.637,0.6,-0.76,0.2,-0.757,0.209,-0.684,0.14,-0.642,0.15,-0.63,0.1844,-0.614
2,0.22,-0.664,0.12,-0.635,0.6,-0.772,0.2,-0.789,0.209,-0.682,0.14,-0.683,0.15,-0.591,0.1844,-0.627
23,0.22,-0.68,0.12,-0.642,0.6,-0.759,0.2,-0.761,0.209,-0.688,0.14,-0.642,0.15,-0.631,0.1844,-0.612
27,0.22,-0.696,0.12,-0.629,0.6,-0.757,0.2,-0.76,0.209,-0.676,0.14,-0.644,0.15,-0.623,0.1844,-0.607
9,0.22,-0.657,0.12,-0.62,0.6,-0.779,0.2,-0.765,0.209,-0.721,0.14,-0.688,0.15,-0.616,0.1844,-0.625
14,0.22,-0.675,0.12,-0.633,0.6,-0.764,0.2,-0.764,0.209,-0.714,0.14,-0.665,0.15,-0.601,0.1844,-0.618
29,0.22,-0.696,0.12,-0.49,0.6,-0.759,0.2,-0.744,0.209,-0.681,0.14,-0.626,0.15,-0.624,0.1844,-0.602
9,0.22,-0.658,0.12,-0.626,0.6,-0.779,0.2,-0.762,0.209,-0.718,0.14,-0.686,0.15,-0.614,0.1844,-0.623
37,0.22,-0.701,0.12,-0.594,0.6,-0.748,0.2,-0.727,0.209,-0.661,0.14,-0.631,0.15,-0.648,0.1844,-0.554
29,0.22,-0.699,0.12,-0.5,0.6,-0.76,0.2,-0.744,0.209,-0.682,0.14,-0.63,0.15,-0.624,0.1844,-0.606
2,0.22,-0.667,0.12,-0.642,0.6,-0.777,0.2,-0.783,0.209,-0.683,0.14,-0.694,0.15,-0.59,0.1844,-0.63
3,0.22,-0.652,0.12,-0.65,0.6,-0.781,0.2,-0.776,0.209,-0.69,0.14,-0.685,0.15,-0.58,0.1844,-0.625
15,0.22,-0.675,0.12,-0.628,0.6,-0.773,0.2,-0.761,0.209,-0.705,0.14,-0.683,0.15,-0.606,0.1844,-0.622
17,0.22,-0.676,0.12,-0.627,0.6,-0.773,0.2,-0.752,0.209,-0.701,0.14,-0.654,0.15,-0.621,0.1844,-0.605
16,0.22,-0.674,0.12,-0.624,0.6,-0.776,0.2,-0.763,0.209,-0.698,0.14,-0.69,0.15,-0.608,0.1844,-0.622
4,0.22,-0.648,0.12,-0.655,0.6,-0.783,0.2,-0.779,0.209,-0.698,0.14,-0.672,0.15,-0.582,0.1844,-0.629
27,0.22,-0.687,0.12,-0.601,0.6,-0.74,0.2,-0.747,0.209,-0.679,0.14,-0.65,0.15,-0.634,0.1844,-0.609
33,0.22,-0.688,0.12,-0.567,0.6,-0.757,0.2,-0.713,0.209,-0.67,0.14,-0.642,0.15,-0.646,0.1844,-0.564
7,0.22,-0.658,0.12,-0.653,0.6,-0.795,0.2,-0.759,0.209,-0.706,0.14,-0.677,0.15,-0.595,0.1844,-0.626
23,0.22,-0.687,0.12,-0.658,0.6,-0.765,0.2,-0.76,0.209,-0.681,0.14,-0.647,0.15,-0.629,0.1844,-0.615
39,0.22,-0.697,0.12,-0.594,0.6,-0.747,0.2,-0.715,0.209,-0.656,0.14,-0.632,0.15,-0.649,0.1844,-0.569
19,0.22,-0.673,0.12,-0.633,0.6,-0.765,0.2,-0.748,0.209,-0.684,0.14,-0.654,0.15,-0.612,0.1844,-0.603
19,0.22,-0.671,0.12,-0.63,0.6,-0.763,0.2,-0.753,0.209,-0.692,0.14,-0.651,0.15,-0.606,0.1844,-0.601
25,0.22,-0.678,0.12,-0.64,0.6,-0.748,0.2,-0.767,0.209,-0.692,0.14,-0.639,0.15,-0.631,0.1844,-0.605
3,0.22,-0.652,0.12,-0.651,0.6,-0.782,0.2,-0.775,0.209,-0.69,0.14,-0.684,0.15,-0.58,0.1844,-0.626
18,0.22,-0.673,0.12,-0.631,0.6,-0.764,0.2,-0.753,0.209,-0.696,0.14,-0.649,0.15,-0.612,0.1844,-0.603
22,0.22,-0.683,0.12,-0.664,0.6,-0.775,0.2,-0.751,0.209,-0.672,0.14,-0.649,0.15,-0.629,0.1844,-0.611
35,0.22,-0.692,0.12,-0.579,0.6,-0.743,0.2,-0.723,0.209,-0.672,0.14,-0.634,0.15,-0.64,0.1844,-0.566
17,0.22,-0.671,0.12,-0.616,0.6,-0.772,0.2,-0.756,0.209,-0.693,0.14,-0.668,0.15,-0.62,0.1844,-0.617
32,0.22,-0.71,0.12,-0.549,0.6,-0.765,0.2,-0.728,0.209,-0.693,0.14,-0.633,0.15,-0.634,0.1844,-0.579
23,0.22,-0.673,0.12,-0.644,0.6,-0.758,0.2,-0.753,0.209,-0.688,0.14,-0.642,0.15,-0.631,0.1844,-0.606
1,0.22,-0.644,0.12,-0.589,0.6,-0.769,0.2,-0.786,0.209,-0.688,0.14,-0.627,0.15,-0.571,0.1844,-0.655
19,0.22,-0.679,0.12,-0.642,0.6,-0.777,0.2,-0.746,0.209,-0.685,0.14,-0.662,0.15,-0.625,0.1844,-0.61
8,0.22,-0.667,0.12,-0.651,0.6,-0.794,0.2,-0.76,0.209,-0.708,0.14,-0.679,0.15,-0.598,0.1844,-0.628
2,0.22,-0.667,0.12,-0.643,0.6,-0.785,0.2,-0.779,0.209,-0.687,0.14,-0.701,0.15,-0.588,0.1844,-0.628
35,0.22,-0.694,0.12,-0.593,0.6,-0.75,0.2,-0.73,0.209,-0.668,0.14,-0.631,0.15,-0.643,0.1844,-0.56
34,0.22,-0.685,0.12,-0.55,0.6,-0.748,0.2,-0.703,0.209,-0.668,0.14,-0.642,0.15,-0.639,0.1844,-0.561
22,0.22,-0.685,0.12,-0.665,0.6,-0.771,0.2,-0.755,0.209,-0.672,0.14,-0.648,0.15,-0.629,0.1844,-0.613
10,0.22,-0.663,0.12,-0.639,0.6,-0.778,0.2,-0.759,0.209,-0.714,0.14,-0.679,0.15,-0.615,0.1844,-0.631
37,0.22,-0.701,0.12,-0.571,0.6,-0.746,0.2,-0.722,0.209,-0.661,0.14,-0.63,0.15,-0.648,0.1844,-0.554
37,0.22,-0.701,0.12,-0.584,0.6,-0.744,0.2,-0.712,0.209,-0.662,0.14,-0.622,0.15,-0.654,0.1844,-0.557
6,0.22,-0.651,0.12,-0.656,0.6,-0.792,0.2,-0.767,0.209,-0.702,0.14,-0.67,0.15,-0.592,0.1844,-0.622
18,0.22,-0.673,0.12,-0.631,0.6,-0.765,0.2,-0.754,0.209,-0.698,0.14,-0.649,0.15,-0.616,0.1844,-0.604
21,0.22,-0.682,0.12,-0.659,0.6,-0.782,0.2,-0.749,0.209,-0.679,0.14,-0.656,0.15,-0.64,0.1844,-0.6
12,0.22,-0.66,0.12,-0.646,0.6,-0.77,0.2,-0.753,0.209,-0.725,0.14,-0.675,0.15,-0.601,0.1844,-0.62
26,0.22,-0.683,0.12,-0.596,0.6,-0.743,0.2,-0.746,0.209,-0.684,0.14,-0.645,0.15,-0.638,0.1844,-0.606
5,0.22,-0.644,0.12,-0.663,0.6,-0.78,0.2,-0.774,0.209,-0.705,0.14,-0.666,0.15,-0.586,0.1844,-0.629
31,0.22,-0.706,0.12,-0.537,0.6,-0.764,0.2,-0.727,0.209,-0.687,0.14,-0.629,0.15,-0.64,0.1844,-0.577
23,0.22,-0.682,0.12,-0.64,0.6,-0.759,0.2,-0.762,0.209,-0.686,0.14,-0.642,0.15,-0.631,0.1844,-0.613
2,0.22,-0.667,0.12,-0.642,0.6,-0.778,0.2,-0.783,0.209,-0.683,0.14,-0.696,0.15,-0.59,0.1844,-0.629
18,0.22,-0.676,0.12,-0.629,0.6,-0.772,0.2,-0.752,0.209,-0.703,0.14,-0.654,0.15,-0.622,0.1844,-0.604
8,0.22,-0.667,0.12,-0.648,0.6,-0.786,0.2,-0.76,0.209,-0.709,0.14,-0.679,0.15,-0.599,0.1844,-0.627
31,0.22,-0.701,0.12,-0.531,0.6,-0.761,0.2,-0.727,0.209,-0.685,0.14,-0.626,0.15,-0.64,0.1844,-0.576
5,0.22,-0.643,0.12,-0.661,0.6,-0.779,0.2,-0.773,0.209,-0.702,0.14,-0.661,0.15,-0.587,0.1844,-0.623
28,0.22,-0.696,0.12,-0.631,0.6,-0.758,0.2,-0.762,0.209,-0.676,0.14,-0.643,0.15,-0.621,0.1844,-0.607
39,0.22,-0.705,0.12,-0.602,0.6,-0.754,0.2,-0.719,0.209,-0.66,0.14,-0.634,0.15,-0.653,0.1844,-0.572
20,0.22,-0.688,0.12,-0.658,0.6,-0.79,0.2,-0.757,0.209,-0.68,0.14,-0.663,0.15,-0.651,0.1844,-0.6
30,0.22,-0.695,0.12,-0.52,0.6,-0.763,0.2,-0.734,0.209,-0.686,0.14,-0.619,0.15,-0.634,0.1844,-0.582
17,0.22,-0.673,0.12,-0.625,0.6,-0.772,0.2,-0.752,0.209,-0.696,0.14,-0.656,0.15,-0.618,0.1844,-0.606
23,0.22,-0.688,0.12,-0.665,0.6,-0.766,0.2,-0.762,0.209,-0.68,0.14,-0.648,0.15,-0.629,0.1844,-0.615
35,0.22,-0.694,0.12,-0.575,0.6,-0.744,0.2,-0.725,0.209,-0.674,0.14,-0.636,0.15,-0.642,0.1844,-0.57
21,0.22,-0.685,0.12,-0.656,0.6,-0.786,0.2,-0.754,0.209,-0.677,0.14,-0.661,0.15,-0.643,0.1844,-0.601
11,0.22,-0.664,0.12,-0.645,0.6,-0.776,0.2,-0.754,0.209,-0.711,0.14,-0.678,0.15,-0.608,0.1844,-0.621
26,0.22,-0.683,0.12,-0.598,0.6,-0.74,0.2,-0.747,0.209,-0.681,0.14,-0.651,0.15,-0.637,0.1844,-0.611
30,0.22,-0.696,0.12,-0.516,0.6,-0.76,0.2,-0.747,0.209,-0.687,0.14,-0.619,0.15,-0.635,0.1844,-0.584
28,0.22,-0.698,0.12,-0.583,0.6,-0.758,0.2,-0.758,0.209,-0.677,0.14,-0.638,0.15,-0.623,0.1844,-0.606
34,0.22,-0.682,0.12,-0.57,0.6,-0.751,0.2,-0.712,0.209,-0.667,0.14,-0.645,0.15,-0.64,0.1844,-0.56
32,0.22,-0.696,0.12,-0.565,0.6,-0.767,0.2,-0.715,0.209,-0.68,0.14,-0.638,0.15,-0.645,0.1844,-0.573
33,0.22,-0.683,0.12,-0.567,0.6,-0.753,0.2,-0.713,0.209,-0.668,0.14,-0.644,0.15,-0.641,0.1844,-0.559
38,0.22,-0.698,0.12,-0.586,0.6,-0.745,0.2,-0.712,0.209,-0.658,0.14,-0.624,0.15,-0.649,0.1844,-0.562
38,0.22,-0.697,0.12,-0.59,0.6,-0.743,0.2,-0.715,0.209,-0.657,0.14,-0.628,0.15,-0.649,0.1844,-0.564
31,0.22,-0.702,0.12,-0.531,0.6,-0.762,0.2,-0.727,0.209,-0.685,0.14,-0.626,0.15,-0.64,0.1844,-0.576
17,0.22,-0.669,0.12,-0.617,0.6,-0.772,0.2,-0.751,0.209,-0.691,0.14,-0.662,0.15,-0.617,0.1844,-0.611
28,0.22,-0.697,0.12,-0.637,0.6,-0.758,0.2,-0.762,0.209,-0.676,0.14,-0.644,0.15,-0.622,0.1844,-0.607
25,0.22,-0.688,0.12,-0.614,0.6,-0.753,0.2,-0.757,0.209,-0.692,0.14,-0.644,0.15,-0.643,0.1844,-0.599
21,0.22,-0.682,0.12,-0.658,0.6,-0.783,0.2,-0.75,0.209,-0.679,0.14,-0.656,0.15,-0.64,0.1844,-0.6
13,0.22,-0.678,0.12,-0.629,0.6,-0.763,0.2,-0.753,0.209,-0.713,0.14,-0.669,0.15,-0.603,0.1844,-0.612
8,0.22,-0.662,0.12,-0.629,0.6,-0.784,0.2,-0.762,0.209,-0.717,0.14,-0.68,0.15,-0.606,0.1844,-0.625
32,0.22,-0.702,0.12,-0.548,0.6,-0.765,0.2,-0.725,0.209,-0.692,0.14,-0.632,0.15,-0.637,0.1844,-0.577
3,0.22,-0.655,0.12,-0.649,0.6,-0.783,0.2,-0.779,0.209,-0.693,0.14,-0.688,0.15,-0.581,0.1844,-0.625
28,0.22,-0.7,0.12,-0.527,0.6,-0.756,0.2,-0.751,0.209,-0.679,0.14,-0.636,0.15,-0.621,0.1844,-0.605
7,0.22,-0.666,0.12,-0.651,0.6,-0.794,0.2,-0.76,0.209,-0.707,0.14,-0.679,0.15,-0.598,0.1844,-0.627
12,0.22,-0.661,0.12,-0.647,0.6,-0.77,0.2,-0.753,0.209,-0.727,0.14,-0.676,0.15,-0.6,0.1844,-0.621
28,0.22,-0.7,0.12,-0.512,0.6,-0.757,0.2,-0.749,0.209,-0.68,0.14,-0.636,0.15,-0.621,0.1844,-0.606
34,0.22,-0.686,0.12,-0.552,0.6,-0.748,0.2,-0.707,0.209,-0.669,0.14,-0.642,0.15,-0.64,0.1844,-0.562
11,0.22,-0.663,0.12,-0.646,0.6,-0.775,0.2,-0.755,0.209,-0.71,0.14,-0.676,0.15,-0.611,0.1844,-0.631
8,0.22,-0.665,0.12,-0.638,0.6,-0.784,0.2,-0.761,0.209,-0.71,0.14,-0.681,0.15,-0.604,0.1844,-0.625
19,0.22,-0.678,0.12,-0.641,0.6,-0.776,0.2,-0.746,0.209,-0.685,0.14,-0.662,0.15,-0.624,0.1844,-0.61
13,0.22,-0.68,0.12,-0.629,0.6,-0.763,0.2,-0.753,0.209,-0.713,0.14,-0.667,0.15,-0.603,0.1844,-0.61
27,0.22,-0.69,0.12,-0.611,0.6,-0.744,0.2,-0.753,0.209,-0.676,0.14,-0.646,0.15,-0.626,0.1844,-0.608
19,0.22,-0.677,0.12,-0.638,0.6,-0.773,0.2,-0.747,0.209,-0.684,0.14,-0.66,0.15,-0.62,0.1844,-0.607
7,0.22,-0.664,0.12,-0.651,0.6,-0.794,0.2,-0.758,0.209,-0.706,0.14,-0.679,0.15,-0.596,0.1844,-0.627
16,0.22,-0.67,0.12,-0.619,0.6,-0.773,0.2,-0.757,0.209,-0.693,0.14,-0.672,0.15,-0.616,0.1844,-0.617
6,0.22,-0.65,0.12,-0.656,0.6,-0.794,0.2,-0.765,0.209,-0.703,0.14,-0.673,0.15,-0.593,0.1844,-0.623
11,0.22,-0.664,0.12,-0.644,0.6,-0.776,0.2,-0.755,0.209,-0.711,0.14,-0.679,0.15,-0.606,0.1844,-0.619
37,0.22,-0.702,0.12,-0.585,0.6,-0.745,0.2,-0.711,0.209,-0.663,0.14,-0.622,0.15,-0.656,0.1844,-0.557
4,0.22,-0.646,0.12,-0.658,0.6,-0.782,0.2,-0.776,0.209,-0.704,0.14,-0.672,0.15,-0.584,0.1844,-0.631
30,0.22,-0.696,0.12,-0.526,0.6,-0.762,0.2,-0.734,0.209,-0.686,0.14,-0.622,0.15,-0.636,0.1844,-0.583
30,0.22,-0.695,0.12,-0.512,0.6,-0.762,0.2,-0.743,0.209,-0.686,0.14,-0.618,0.15,-0.633,0.1844,-0.582
32,0.22,-0.698,0.12,-0.554,0.6,-0.766,0.2,-0.721,0.209,-0.686,0.14,-0.634,0.15,-0.64,0.1844,-0.576
19,0.22,-0.677,0.12,-0.637,0.6,-0.772,0.2,-0.747,0.209,-0.684,0.14,-0.66,0.15,-0.619,0.1844,-0.606
34,0.22,-0.694,0.12,-0.573,0.6,-0.744,0.2,-0.723,0.209,-0.674,0.14,-0.638,0.15,-0.641,0.1844,-0.571
36,0.22,-0.697,0.12,-0.588,0.6,-0.749,0.2,-0.728,0.209,-0.664,0.14,-0.633,0.15,-0.645,0.1844,-0.555
13,0.22,-0.68,0.12,-0.63,0.6,-0.763,0.2,-0.754,0.209,-0.712,0.14,-0.667,0.15,-0.604,0.1844,-0.609
38,0.22,-0.698,0.12,-0.586,0.6,-0.745,0.2,-0.712,0.209,-0.658,0.14,-0.623,0.15,-0.65,0.1844,-0.561
4,0.22,-0.647,0.12,-0.661,0.6,-0.783,0.2,-0.776,0.209,-0.707,0.14,-0.672,0.15,-0.587,0.1844,-0.632
39,0.22,-0.698,0.12,-0.595,0.6,-0.747,0.2,-0.716,0.209,-0.656,0.14,-0.632,0.15,-0.65,0.1844,-0.569
30,0.22,-0.695,0.12,-0.519,0.6,-0.762,0.2,-0.734,0.209,-0.685,0.14,-0.618,0.15,-0.634,0.1844,-0.582
39,0.22,-0.697,0.12,-0.592,0.6,-0.746,0.2,-0.717,0.209,-0.656,0.14,-0.633,0.15,-0.65,0.1844,-0.569
27,0.22,-0.689,0.12,-0.61,0.6,-0.744,0.2,-0.752,0.209,-0.676,0.14,-0.646,0.15,-0.626,0.1844,-0.608
18,0.22,-0.673,0.12,-0.63,0.6,-0.764,0.2,-0.754,0.209,-0.698,0.14,-0.649,0.15,-0.617,0.1844,-0.603
16,0.22,-0.671,0.12,-0.618,0.6,-0.772,0.2,-0.758,0.209,-0.693,0.14,-0.67,0.15,-0.617,0.1844,-0.618
12,0.22,-0.661,0.12,-0.647,0.6,-0.771,0.2,-0.753,0.209,-0.728,0.14,-0.676,0.15,-0.6,0.1844,-0.621
37,0.22,-0.702,0.12,-0.573,0.6,-0.745,0.2,-0.721,0.209,-0.662,0.14,-0.63,0.15,-0.649,0.1844,-0.554
23,0.22,-0.674,0.12,-0.644,0.6,-0.758,0.2,-0.754,0.209,-0.687,0.14,-0.642,0.15,-0.63,0.1844,-0.608
16,0.22,-0.672,0.12,-0.616,0.6,-0.772,0.2,-0.757,0.209,-0.693,0.14,-0.668,0.15,-0.619,0.1844,-0.619
28,0.22,-0.699,0.12,-0.549,0.6,-0.757,0.2,-0.754,0.209,-0.678,0.14,-0.637,0.15,-0.623,0.1844,-0.606
1,0.22,-0.655,0.12,-0.614,0.6,-0.767,0.2,-0.8,0.209,-0.685,0.14,-0.655,0.15,-0.578,0.1844,-0.635
37,0.22,-0.701,0.12,-0.58,0.6,-0.747,0.2,-0.718,0.209,-0.664,0.14,-0.628,0.15,-0.653,0.1844,-0.557
6,0.22,-0.651,0.12,-0.656,0.6,-0.79,0.2,-0.767,0.209,-0.702,0.14,-0.668,0.15,-0.59,0.1844,-0.622
36,0.22,-0.699,0.12,-0.595,0.6,-0.75,0.2,-0.728,0.209,-0.663,0.14,-0.634,0.15,-0.647,0.1844,-0.555
36,0.22,-0.7,0.12,-0.598,0.6,-0.75,0.2,-0.729,0.209,-0.663,0.14,-0.634,0.15,-0.648,0.1844,-0.556
9,0.22,-0.658,0.12,-0.62,0.6,-0.781,0.2,-0.765,0.209,-0.721,0.14,-0.689,0.15,-0.616,0.1844,-0.625
12,0.22,-0.663,0.12,-0.65,0.6,-0.772,0.2,-0.753,0.209,-0.732,0.14,-0.678,0.15,-0.599,0.1844,-0.623
1,0.22,-0.645,0.12,-0.586,0.6,-0.77,0.2,-0.79,0.209,-0.69,0.14,-0.623,0.15,-0.571,0.1844,-0.659
15,0.22,-0.674,0.12,-0.63,0.6,-0.77,0.2,-0.763,0.209,-0.708,0.14,-0.676,0.15,-0.604,0.1844,-0.623
3,0.22,-0.652,0.12,-0.649,0.6,-0.782,0.2,-0.778,0.209,-0.693,0.14,-0.686,0.15,-0.579,0.1844,-0.625
38,0.22,-0.696,0.12,-0.593,0.6,-0.744,0.2,-0.717,0.209,-0.657,0.14,-0.63,0.15,-0.65,0.1844,-0.566
30,0.22,-0.696,0.12,-0.536,0.6,-0.759,0.2,-0.729,0.209,-0.683,0.14,-0.62,0.15,-0.641,0.1844,-0.582
26,0.22,-0.684,0.12,-0.595,0.6,-0.745,0.2,-0.746,0.209,-0.686,0.14,-0.647,0.15,-0.638,0.1844,-0.605
28,0.22,-0.7,0.12,-0.506,0.6,-0.757,0.2,-0.748,0.209,-0.68,0.14,-0.636,0.15,-0.621,0.1844,-0.606
15,0.22,-0.675,0.12,-0.629,0.6,-0.772,0.2,-0.762,0.209,-0.707,0.14,-0.682,0.15,-0.605,0.1844,-0.622
31,0.22,-0.705,0.12,-0.536,0.6,-0.763,0.2,-0.726,0.209,-0.686,0.14,-0.628,0.15,-0.64,0.1844,-0.576
15,0.22,-0.673,0.12,-0.632,0.6,-0.767,0.2,-0.764,0.209,-0.712,0.14,-0.668,0.15,-0.602,0.1844,-0.621
32,0.22,-0.702,0.12,-0.549,0.6,-0.765,0.2,-0.724,0.209,-0.691,0.14,-0.632,0.15,-0.637,0.1844,-0.577
13,0.22,-0.677,0.12,-0.628,0.6,-0.763,0.2,-0.752,0.209,-0.716,0.14,-0.671,0.15,-0.602,0.1844,-0.615
29,0.22,-0.695,0.12,-0.508,0.6,-0.76,0.2,-0.744,0.209,-0.684,0.14,-0.62,0.15,-0.629,0.1844,-0.593
31,0.22,-0.709,0.12,-0.548,0.6,-0.764,0.2,-0.728,0.209,-0.692,0.14,-0.632,0.15,-0.635,0.1844,-0.578
29,0.22,-0.7,0.12,-0.505,0.6,-0.759,0.2,-0.744,0.209,-0.682,0.14,-0.632,0.15,-0.624,0.1844,-0.608
21,0.22,-0.678,0.12,-0.662,0.6,-0.78,0.2,-0.745,0.209,-0.678,0.14,-0.658,0.15,-0.633,0.1844,-0.604
12,0.22,-0.664,0.12,-0.65,0.6,-0.772,0.2,-0.753,0.209,-0.734,0.14,-0.679,0.15,-0.598,0.1844,-0.624
34,0.22,-0.683,0.12,-0.548,0.6,-0.748,0.2,-0.7,0.209,-0.667,0.14,-0.642,0.15,-0.639,0.1844,-0.56
22,0.22,-0.681,0.12,-0.663,0.6,-0.777,0.2,-0.746,0.209,-0.67,0.14,-0.655,0.15,-0.629,0.1844,-0.607
28,0.22,-0.697,0.12,-0.6,0.6,-0.759,0.2,-0.759,0.209,-0.676,0.14,-0.639,0.15,-0.621,0.1844,-0.607
15,0.22,-0.675,0.12,-0.63,0.6,-0.771,0.2,-0.762,0.209,-0.708,0.14,-0.678,0.15,-0.604,0.1844,-0.623
34,0.22,-0.686,0.12,-0.554,0.6,-0.747,0.2,-0.71,0.209,-0.669,0.14,-0.642,0.15,-0.64,0.1844,-0.563
29,0.22,-0.696,0.12,-0.512,0.6,-0.761,0.2,-0.745,0.209,-0.686,0.14,-0.619,0.15,-0.63,0.1844,-0.59
24,0.22,-0.677,0.12,-0.645,0.6,-0.751,0.2,-0.766,0.209,-0.692,0.14,-0.64,0.15,-0.63,0.1844,-0.607
32,0.22,-0.699,0.12,-0.551,0.6,-0.766,0.2,-0.723,0.209,-0.689,0.14,-0.632,0.15,-0.638,0.1844,-0.576
1,0.22,-0.656,0.12,-0.616,0.6,-0.767,0.2,-0.801,0.209,-0.686,0.14,-0.655,0.15,-0.581,0.1844,-0.631
19,0.22,-0.677,0.12,-0.638,0.6,-0.773,0.2,-0.746,0.209,-0.685,0.14,-0.66,0.15,-0.621,0.1844,-0.607
29,0.22,-0.698,0.12,-0.495,0.6,-0.76,0.2,-0.744,0.209,-0.683,0.14,-0.63,0.15,-0.625,0.1844,-0.605
29,0.22,-0.696,0.12,-0.531,0.6,-0.763,0.2,-0.748,0.209,-0.69,0.14,-0.618,0.15,-0.635,0.1844,-0.585
13,0.22,-0.672,0.12,-0.624,0.6,-0.763,0.2,-0.749,0.209,-0.72,0.14,-0.671,0.15,-0.6,0.1844,-0.616
20,0.22,-0.682,0.12,-0.646,0.6,-0.781,0.2,-0.747,0.209,-0.683,0.14,-0.663,0.15,-0.632,0.1844,-0.606
13,0.22,-0.664,0.12,-0.645,0.6,-0.772,0.2,-0.752,0.209,-0.733,0.14,-0.679,0.15,-0.598,0.1844,-0.626
37,0.22,-0.701,0.12,-0.582,0.6,-0.748,0.2,-0.724,0.209,-0.661,0.14,-0.63,0.15,-0.648,0.1844,-0.553
7,0.22,-0.664,0.12,-0.65,0.6,-0.793,0.2,-0.758,0.209,-0.706,0.14,-0.679,0.15,-0.597,0.1844,-0.626
31,0.22,-0.697,0.12,-0.526,0.6,-0.759,0.2,-0.727,0.209,-0.682,0.14,-0.623,0.15,-0.64,0.1844,-0.575
36,0.22,-0.702,0.12,-0.6,0.6,-0.75,0.2,-0.729,0.209,-0.663,0.14,-0.633,0.15,-0.649,0.1844,-0.556
16,0.22,-0.67,0.12,-0.619,0.6,-0.772,0.2,-0.757,0.209,-0.693,0.14,-0.67,0.15,-0.617,0.1844,-0.618
20,0.22,-0.68,0.12,-0.644,0.6,-0.78,0.2,-0.745,0.209,-0.683,0.14,-0.662,0.15,-0.63,0.1844,-0.606
5,0.22,-0.644,0.12,-0.664,0.6,-0.78,0.2,-0.775,0.209,-0.709,0.14,-0.669,0.15,-0.589,0.1844,-0.633
21,0.22,-0.685,0.12,-0.653,0.6,-0.789,0.2,-0.757,0.209,-0.68,0.14,-0.663,0.15,-0.648,0.1844,-0.601
17,0.22,-0.67,0.12,-0.622,0.6,-0.772,0.2,-0.751,0.209,-0.692,0.14,-0.658,0.15,-0.618,0.1844,-0.609
9,0.22,-0.657,0.12,-0.623,0.6,-0.78,0.2,-0.764,0.209,-0.718,0.14,-0.686,0.15,-0.614,0.1844,-0.623
19,0.22,-0.672,0.12,-0.633,0.6,-0.765,0.2,-0.749,0.209,-0.684,0.14,-0.653,0.15,-0.611,0.1844,-0.602
25,0.22,-0.679,0.12,-0.609,0.6,-0.746,0.2,-0.765,0.209,-0.689,0.14,-0.637,0.15,-0.632,0.1844,-0.603
1,0.22,-0.648,0.12,-0.596,0.6,-0.761,0.2,-0.788,0.209,-0.685,0.14,-0.638,0.15,-0.574,0.1844,-0.647
2,0.22,-0.668,0.12,-0.642,0.6,-0.78,0.2,-0.781,0.209,-0.683,0.14,-0.699,0.15,-0.59,0.1844,-0.629
13,0.22,-0.666,0.12,-0.625,0.6,-0.77,0.2,-0.751,0.209,-0.728,0.14,-0.676,0.15,-0.597,0.1844,-0.621
19,0.22,-0.675,0.12,-0.636,0.6,-0.77,0.2,-0.747,0.209,-0.685,0.14,-0.658,0.15,-0.617,0.1844,-0.607
0,0.22,-0.385,0.12,-0.361,0.6,-0.492,0.2,-0.456,0.209,-0.406,0.14,-0.366,0.15,-0.299,0.1844,-0.375
29,0.22,-0.696,0.12,-0.52,0.6,-0.762,0.2,-0.746,0.209,-0.686,0.14,-0.619,0.15,-0.632,0.1844,-0.588
4,0.22,-0.648,0.12,-0.652,0.6,-0.783,0.2,-0.78,0.209,-0.694,0.14,-0.674,0.15,-0.581,0.1844,-0.626
7,0.22,-0.661,0.12,-0.651,0.6,-0.795,0.2,-0.758,0.209,-0.705,0.14,-0.679,0.15,-0.595,0.1844,-0.626
19,0.22,-0.672,0.12,-0.632,0.6,-0.764,0.2,-0.749,0.209,-0.684,0.14,-0.654,0.15,-0.61,0.1844,-0.602
21,0.22,-0.687,0.12,-0.652,0.6,-0.791,0.2,-0.759,0.209,-0.681,0.14,-0.663,0.15,-0.65,0.1844,-0.6
7,0.22,-0.651,0.12,-0.654,0.6,-0.794,0.2,-0.764,0.209,-0.704,0.14,-0.674,0.15,-0.594,0.1844,-0.624
8,0.22,-0.664,0.12,-0.636,0.6,-0.783,0.2,-0.761,0.209,-0.711,0.14,-0.678,0.15,-0.604,0.1844,-0.625
32,0.22,-0.696,0.12,-0.562,0.6,-0.766,0.2,-0.715,0.209,-0.681,0.14,-0.636,0.15,-0.643,0.1844,-0.573
14,0.22,-0.674,0.12,-0.634,0.6,-0.765,0.2,-0.768,0.209,-0.717,0.14,-0.666,0.15,-0.601,0.1844,-0.622
34,0.22,-0.689,0.12,-0.56,0.6,-0.746,0.2,-0.717,0.209,-0.671,0.14,-0.641,0.15,-0.641,0.1844,-0.566
31,0.22,-0.698,0.12,-0.527,0.6,-0.759,0.2,-0.727,0.209,-0.682,0.14,-0.623,0.15,-0.641,0.1844,-0.575
9,0.22,-0.658,0.12,-0.625,0.6,-0.779,0.2,-0.763,0.209,-0.718,0.14,-0.686,0.15,-0.615,0.1844,-0.623
7,0.22,-0.651,0.12,-0.656,0.6,-0.795,0.2,-0.765,0.209,-0.704,0.14,-0.674,0.15,-0.594,0.1844,-0.624
32,0.22,-0.696,0.12,-0.562,0.6,-0.766,0.2,-0.715,0.209,-0.681,0.14,-0.635,0.15,-0.643,0.1844,-0.573
1,0.22,-0.665,0.12,-0.631,0.6,-0.773,0.2,-0.807,0.209,-0.687,0.14,-0.662,0.15,-0.598,0.1844,-0.634
11,0.22,-0.665,0.12,-0.645,0.6,-0.775,0.2,-0.755,0.209,-0.712,0.14,-0.678,0.15,-0.607,0.1844,-0.617
